date,United States,China,Japan,Germany,United Kingdom,India,France,Italy,Brazil,Canada,Russia,South Korea,Australia,Mexico,Spain,Indonesia,Netherlands,Saudi Arabia,Turkey,Switzerland,Taiwan,Poland,Argentina,Sweden,Belgium,Thailand,Ireland,Israel,Austria,Norway,United Arab Emirates,Nigeria,Singapore,South Africa,Malaysia,Denmark,Philippines,Hong Kong,Vietnam,Bangladesh,Pakistan,Chile,Colombia,Finland,Portugal,New Zealand,Czech Republic,Greece,Peru,Qatar
2026-01-21,98.57499694824219,0.1435997635126114,,1.1716461181640625,1.3407342433929443,0.010916792787611485,1.1716461181640625,1.1716461181640625,,,,,0.6752650141716003,,1.1716461181640625,5.9066744142910466e-05,1.1716461181640625,0.2666737735271454,0.023097995668649673,,0.0316515788435936,,0.0006972306873649359,,1.1716461181640625,0.032175030559301376,1.1716461181640625,,1.1716461181640625,,,0.0007064691162668169,,,0.24724936485290527,,,0.1282528042793274,3.8387715903809294e-05,0.008196720853447914,0.003571926150470972,0.0011353057343512774,0.00027259098715148866,1.1716461181640625,1.1716461181640625,0.5851032733917236,,1.1716461181640625,0.297991544008255,0.2747630178928375
2026-01-20,98.63999938964844,0.14351114630699158,0.006322031375020742,1.1639139652252197,1.3418315649032593,0.011000555008649826,1.1639139652252197,1.1639139652252197,0.18626482784748077,0.7207726240158081,0.012904531322419643,0.0006795694353058934,0.6709878444671631,0.05689220502972603,1.1639139652252197,5.903536293772049e-05,1.1639139652252197,0.26697081327438354,0.023107443004846573,1.2533055543899536,0.03169672563672066,0.27579358220100403,0.0006965307984501123,0.10866151005029678,1.1639139652252197,0.032010242342948914,1.1639139652252197,0.317033588886261,1.1639139652252197,0.09938599169254303,0.27236825227737427,0.0007047862163744867,0.7780768871307373,0.06108430027961731,0.2467612773180008,0.15580983459949493,0.01685061864554882,0.12825939059257507,3.8131554902065545e-05,0.00828348658978939,0.0035925498232245445,0.0011270273244008422,0.00027207183302380145,1.1639139652252197,1.1639139652252197,0.5793507695198059,0.047917045652866364,1.1639139652252197,0.30404627323150635,0.28365036845207214
2026-01-19,,0.14351114630699158,0.006347795482724905,1.162493348121643,1.3404287099838257,0.01102511491626501,1.162493348121643,1.162493348121643,0.18629953265190125,0.7194554805755615,0.013000615872442722,0.0006795417284592986,0.6687598824501038,0.05671297013759613,1.162493348121643,5.9253641666145995e-05,1.162493348121643,0.26670223474502563,0.023111624643206596,1.2520031929016113,0.031637560576200485,0.2753963768482208,0.0006995475268922746,0.10868549346923828,1.162493348121643,0.03186235576868057,1.162493348121643,0.31804996728897095,1.162493348121643,0.09928829967975616,0.27236825227737427,0.0007050545536912978,0.7771517634391785,0.06094587594270706,0.2466091364622116,0.15558341145515442,0.01685487851500511,0.12825050950050354,3.811701753875241e-05,0.008270738646388054,0.0035864408127963543,0.0011284261709079146,0.00027418669196777046,1.162493348121643,1.162493348121643,0.5763389468193054,0.047928985208272934,1.162493348121643,0.30345144867897034,0.2848045527935028
2026-01-16,99.38999938964844,0.14355440437793732,0.006305329501628876,1.1609008312225342,1.3381328582763672,0.011066647246479988,1.1609008312225342,1.1609008312225342,0.1862925887107849,0.720025360584259,0.012780354358255863,0.0006808093748986721,0.6704210042953491,0.05664663389325142,1.1609008312225342,5.924556535319425e-05,1.1609008312225342,0.26695796847343445,0.023109523579478264,1.2446789741516113,0.03168146312236786,0.27577459812164307,0.0006934782140888274,0.10854263603687286,1.1609008312225342,0.03185727819800377,1.1609008312225342,0.3182382583618164,1.1609008312225342,0.09894230216741562,0.27236825227737427,0.0007029877160675824,0.7764638662338257,0.06123623624444008,0.24679170548915863,0.15537962317466736,0.016842104494571686,0.12824787199497223,3.8124286220408976e-05,0.008282947354018688,0.0035771778784692287,0.0011331316782161593,0.00027143597253598273,1.1609008312225342,1.1609008312225342,0.5743601322174072,0.047838419675827026,1.1609008312225342,0.2977963089942932,0.2747630178928375
2026-01-15,99.31999969482422,0.14341029524803162,0.006313052028417587,1.1646324396133423,1.344266653060913,0.011088539846241474,1.1646324396133423,1.1646324396133423,0.18531902134418488,0.7202224135398865,0.012739638797938824,0.0006835737149231136,0.6682798862457275,0.05622557923197746,1.1646324396133423,5.9364447224652395e-05,1.1646324396133423,0.26694557070732117,0.023164447396993637,1.250437617301941,0.03173525258898735,0.27663281559944153,0.0006880116416141391,0.10878019034862518,1.1646324396133423,0.031776294112205505,1.1646324396133423,0.31705066561698914,1.1646324396133423,0.0994647815823555,0.27236825227737427,0.0007033585570752621,0.7766809463500977,0.06101743131875992,0.24712713062763214,0.15588293969631195,0.01680898293852806,0.12824293971061707,3.8124286220408976e-05,0.008287981152534485,0.003577817464247346,0.0011346358805894852,0.0002723467187024653,1.1646324396133423,1.1646324396133423,0.5744815468788147,0.048087093979120255,1.1646324396133423,0.2977963089942932,0.27475547790527344
2026-01-14,99.12999725341797,0.1433178037405014,0.006282235495746136,1.164252758026123,1.3426783084869385,0.011077509261667728,1.164252758026123,1.164252758026123,0.1861746609210968,0.7201238870620728,0.012698868289589882,0.0006788820028305054,0.6683598756790161,0.05610538646578789,1.164252758026123,5.937959940638393e-05,1.164252758026123,0.26698070764541626,0.023173682391643524,1.2484238147735596,0.03162865340709686,0.27645233273506165,0.0006856470718048513,0.10844116657972336,1.164252758026123,0.03171582520008087,1.164252758026123,0.3180196285247803,1.164252758026123,0.09915490448474884,0.27236825227737427,0.0007033585570752621,0.7758734822273254,0.06102848798036575,0.24654830992221832,0.15583071112632751,0.01683473400771618,0.12819230556488037,3.809523695963435e-05,0.008286667987704277,0.003575131529942155,0.0011292417766526341,0.00027138073346577585,1.164252758026123,1.164252758026123,0.5739309191703796,0.048076923936605453,1.164252758026123,0.2977076470851898,0.2747630178928375
2026-01-13,99.12999725341797,0.14340823888778687,0.006329675205051899,1.1666978597640991,1.3465656042099,0.011094752699136734,1.1666978597640991,1.1666978597640991,0.18609151244163513,0.7206843495368958,0.01276799663901329,0.0006826264434494078,0.6707807779312134,0.055837538093328476,1.1666978597640991,5.931409032200463e-05,1.1666978597640991,0.2669847011566162,0.023179376497864723,1.254138708114624,0.03167574107646942,0.2771472632884979,0.0006814830121584237,0.10909432172775269,1.1666978597640991,0.032030750066041946,1.1666978597640991,0.3186874985694885,1.1666978597640991,0.09934847056865692,0.27236825227737427,0.0007023754296824336,0.7778529524803162,0.06107019633054733,0.24627508223056793,0.15615533292293549,0.016913319006562233,0.12826432287693024,3.8066234992584214e-05,0.00828049797564745,0.003587026847526431,0.0011316442396491766,0.0002692776033654809,1.1666978597640991,1.1666978597640991,0.5773205757141113,0.04809403046965599,1.1666978597640991,0.2976190447807312,0.2840738892555237
2026-01-12,98.86000061035156,0.14332397282123566,0.00632315082475543,1.1623716354370117,1.3394231796264648,0.011082051321864128,1.1623716354370117,1.1623716354370117,0.18620933592319489,0.7187057733535767,0.012773077003657818,0.0006871718796901405,0.6685801148414612,0.05563557893037796,1.1623716354370117,5.942936331848614e-05,1.1623716354370117,0.26668089628219604,0.023198949173092842,1.2476201057434082,0.03165227919816971,0.2760874927043915,0.0006827124743722379,0.10850517451763153,1.1623716354370117,0.031867433339357376,1.1623716354370117,0.31780940294265747,1.1623716354370117,0.09918617457151413,0.27236825227737427,0.0006998194730840623,0.7768558859825134,0.06069979816675186,0.2444390058517456,0.1555814892053604,0.016903884708881378,0.12830135226249695,3.8131554902065545e-05,0.008281616494059563,0.003587075974792242,0.0011177805718034506,0.00027244738885201514,1.1623716354370117,1.1623716354370117,0.572980523109436,0.04791199788451195,1.1623716354370117,0.3032866418361664,0.2841219902038574
2026-01-09,99.12999725341797,0.14319467544555664,0.006374298594892025,1.1657865047454834,1.3438005447387695,0.011122802272439003,1.1657865047454834,1.1657865047454834,0.18564586341381073,0.7212873697280884,0.012423858977854252,0.0006896171253174543,0.6701065301895142,0.055672161281108856,1.1657865047454834,5.95036253798753e-05,1.1657865047454834,0.26697465777397156,0.02318630926311016,1.2515487670898438,0.031700946390628815,0.276851087808609,0.0006832957733422518,0.10849516838788986,1.1657865047454834,0.03182686120271683,1.1657865047454834,0.3156406283378601,1.1657865047454834,0.0992230772972107,0.27236825227737427,0.0007020795601420105,0.7781495451927185,0.06056179478764534,0.2466091364622116,0.156028151512146,0.016916753724217415,0.12833675742149353,3.8124286220408976e-05,0.008284670300781727,0.003574620233848691,0.0011154614621773362,0.0002692870039027184,1.1657865047454834,1.1657865047454834,0.5750893950462341,0.04802773892879486,1.1657865047454834,0.2974419891834259,0.27475547790527344
2026-01-08,98.93000030517578,0.1429286003112793,0.006380358710885048,1.1676785945892334,1.3459312915802002,0.011127877049148083,1.1676785945892334,1.1676785945892334,0.1857389509677887,0.7216100692749023,0.012422681786119938,0.0006914959521964192,0.672210156917572,0.05562291666865349,1.1676785945892334,5.969080302747898e-05,1.1676785945892334,0.2669619619846344,0.02323603816330433,1.2536827325820923,0.031797412782907486,0.2774810492992401,0.0006846993928775191,0.1088961660861969,1.1676785945892334,0.03191829100251198,1.1676785945892334,0.31560078263282776,1.1676785945892334,0.09922663122415543,0.27236825227737427,0.0007024544174782932,0.7796967029571533,0.06080269441008568,0.24449877440929413,0.1562778353691101,0.016860563308000565,0.1284356564283371,3.806478707701899e-05,0.008283394388854504,0.003574620233848691,0.0011175181716680527,0.0002666133514139801,1.1676785945892334,1.1676785945892334,0.5773905515670776,0.04810398444533348,1.1676785945892334,0.2974419891834259,0.27475547790527344
2026-01-07,98.68000030517578,0.1431967318058014,0.006382436025887728,1.1688251495361328,1.3500559329986572,0.011090642772614956,1.1688251495361328,1.1688251495361328,0.18615040183067322,0.7238247394561768,0.012423163279891014,0.0006920606829226017,0.6737000942230225,0.05560683459043503,1.1688251495361328,5.973002043901943e-05,1.1688251495361328,0.2669525444507599,0.02323387749493122,1.2570710182189941,0.03175399452447891,0.2779090106487274,0.000681558158248663,0.10869152098894119,1.1688251495361328,0.03205128014087677,1.1688251495361328,0.31566452980041504,1.1688251495361328,0.0995037779211998,0.27236825227737427,0.0007020746706984937,0.7809144258499146,0.06114383041858673,0.24731050431728363,0.15644311904907227,0.01686909608542919,0.12842081487178802,3.8060439692344517e-05,0.00829107966274023,0.0035739815793931484,0.0011192818637937307,0.00026944809360429645,1.1688251495361328,1.1688251495361328,0.5781984925270081,0.048372507095336914,1.1688251495361328,0.2974419891834259,0.2747630178928375
2026-01-06,98.58000183105469,0.1431024670600891,0.0063846358098089695,1.1714951992034912,1.3533997535705566,0.011082420125603676,1.1714951992034912,1.1714951992034912,0.18492834270000458,0.7260845899581909,0.012346363626420498,0.0006917734281159937,0.6713401079177856,0.05581696331501007,1.1714951992034912,5.9782872995128855e-05,1.1714951992034912,0.26696574687957764,0.02323463186621666,1.2624667882919312,0.03177165240049362,0.2782221734523773,0.0006803930155001581,0.10899658501148224,1.1714951992034912,0.03193867951631546,1.1714951992034912,0.3171975016593933,1.1714951992034912,0.0996333435177803,0.27236825227737427,0.0006977393641136587,0.7795082330703735,0.061125703155994415,0.2457304298877716,0.1568344533443451,0.01691732555627823,0.12844224274158478,3.8067682908149436e-05,0.008282579481601715,0.003573342692106962,0.0011067823506891727,0.0002667826192919165,1.1714951992034912,1.1714951992034912,0.5786300301551819,0.04845641925930977,1.1714951992034912,0.2974419891834259,0.27475547790527344
2026-01-05,98.2699966430664,0.1429980993270874,0.006369872950017452,1.1704667806625366,1.3437970876693726,0.011110246181488037,1.1704667806625366,1.1704667806625366,0.18444739282131195,0.7274472713470459,0.012602724134922028,0.000694213027600199,0.6683902144432068,0.05583111569285393,1.1704667806625366,5.99412560404744e-05,1.1704667806625366,0.2666666805744171,0.023249763995409012,1.260398268699646,0.03188907727599144,0.27815717458724976,0.000678083102684468,0.10838451981544495,1.1704667806625366,0.03179144859313965,1.1704667806625366,0.31391656398773193,1.1704667806625366,0.09945686161518097,0.27236825227737427,0.0006974132847972214,0.7764879465103149,0.060618918389081955,0.24682217836380005,0.1567000299692154,0.017041292041540146,0.12836048007011414,3.8030044379411265e-05,0.00827386137098074,0.0035843944642692804,0.0011036796495318413,0.000268001138465479,1.1704667806625366,1.1704667806625366,0.5755594372749329,0.04849425330758095,1.1704667806625366,0.3034656345844269,0.2839738428592682
2026-01-02,98.41999816894531,0.14293678104877472,0.006380358710885048,1.175046682357788,1.347363829612732,0.011115817353129387,1.175046682357788,1.175046682357788,0.1812579184770584,0.7290754914283752,0.012658077292144299,0.000692693458404392,0.6678299903869629,0.055602945387363434,1.175046682357788,5.9995199990225956e-05,1.175046682357788,0.2669343948364258,0.023259060457348824,1.2625784873962402,0.03194531053304672,0.2789633572101593,0.0006897578714415431,0.10881972312927246,1.175046682357788,0.0317460335791111,1.175046682357788,0.3139037489891052,1.175046682357788,0.09949169307947159,0.27236825227737427,0.0006921038147993386,0.7783918380737305,0.06041712313890457,0.2467612773180008,0.15733487904071808,0.01697648875415325,0.1284465491771698,3.8030044379411265e-05,0.008274883963167667,0.003585913684219122,0.0011115557281300426,0.00026537798112258315,1.175046682357788,1.175046682357788,0.5757914185523987,0.04864641651511192,1.175046682357788,0.30322501063346863,0.284710168838501
2025-12-31,98.27999877929688,0.14293678104877472,0.00639333063736558,1.1747292280197144,1.346719741821289,0.011139653623104095,1.1747292280197144,1.1747292280197144,0.18260838091373444,0.730209469795227,0.012579217553138733,0.0006954537821002305,0.6697999835014343,0.05562106519937515,1.1747292280197144,5.984798553981818e-05,1.1747292280197144,0.26681607961654663,0.02328181266784668,1.2631046772003174,0.032006554305553436,0.27841195464134216,0.0006889477372169495,0.10875783115625381,1.1747292280197144,0.03179650008678436,1.1747292280197144,0.3148594796657562,1.1747292280197144,0.09949050843715668,0.27236825227737427,0.0006863794405944645,0.7788768410682678,0.060293737798929214,0.2472187876701355,0.15728463232517242,0.016984272748231888,0.1285237967967987,3.8131554902065545e-05,0.008277405984699726,0.003572704503312707,0.0011111851781606674,0.00026734679704532027,1.1747292280197144,1.1747292280197144,0.5791494250297546,0.04850107431411743,1.1747292280197144,0.2974419891834259,0.27475547790527344
2025-12-30,98.23999786376953,0.14274294674396515,0.006409722380340099,1.1772878170013428,1.3510993719100952,0.011123470030725002,1.1772878170013428,1.1772878170013428,0.17956222593784332,0.7306095957756042,0.012738767080008984,0.0006970050162635744,0.6695501804351807,0.05564161390066147,1.1772878170013428,5.963029252598062e-05,1.1772878170013428,0.2671425938606262,0.023290641605854034,1.267909288406372,0.031930722296237946,0.2786431312561035,0.0006863382877781987,0.10898980498313904,1.1772878170013428,0.031605564057826996,1.1772878170013428,0.3145049810409546,1.1772878170013428,0.09961696714162827,0.27236825227737427,0.0006873324746266007,0.7782707214355469,0.05997828394174576,0.24645718932151794,0.15764912962913513,0.016996396705508232,0.12864996492862701,3.81024947273545e-05,0.008275491185486317,0.003572704503312707,0.0010937927290797234,0.0002681396435946226,1.1772878170013428,1.1772878170013428,0.5808698534965515,0.04855288192629814,1.1772878170013428,0.2971768081188202,0.2747630178928375
2025-12-29,98.04000091552734,0.1422879993915558,0.006391287315636873,1.1772738695144653,1.349727988243103,0.011132225394248962,1.1772738695144653,1.1772738695144653,0.18042398989200592,0.7316198945045471,0.012653457000851631,0.0006938036531209946,0.6714099645614624,0.055876974016427994,1.1772738695144653,5.973323277430609e-05,1.1772738695144653,0.2667306959629059,0.023307807743549347,1.2670416831970215,0.031867433339357376,0.2794302999973297,0.000689419568516314,0.10938800126314163,1.1772738695144653,0.0322113074362278,1.1772738695144653,0.3134157657623291,1.1772738695144653,0.09992395341396332,0.27236825227737427,0.0006893746904097497,0.7786160707473755,0.06002688780426979,0.24715769290924072,0.15761782228946686,0.017069216817617416,0.12868554890155792,3.808798282989301e-05,0.008285678923130035,0.0035867453552782536,0.0011044841958209872,0.0002706176892388612,1.1772738695144653,1.1772738695144653,0.582610011100769,0.048558540642261505,1.1772738695144653,0.30325204133987427,0.28423166275024414
2025-12-26,98.0199966430664,0.1422879993915558,0.00640656054019928,1.1785364151000977,1.3508949279785156,0.011098052375018597,1.1785364151000977,1.1785364151000977,0.1811758428812027,0.7314218878746033,0.012666840106248856,0.0006913143442943692,0.6705604195594788,0.05576601251959801,1.1785364151000977,5.969044650555588e-05,1.1785364151000977,0.2669192850589752,0.023334773257374763,1.2689549922943115,0.031675439327955246,0.27967569231987,0.0006898559513501823,0.10905732214450836,1.1785364151000977,0.03221649304032326,1.1785364151000977,0.31467321515083313,1.1785364151000977,0.10010982304811478,0.27236825227737427,0.0006896790000610054,0.7787495255470276,0.06014242023229599,0.24737167358398438,0.15777723491191864,0.01701374724507332,0.1285991668701172,3.805609594564885e-05,0.00828986894339323,0.003573342692106962,0.0011063782731071115,0.00026723320479504764,1.1785364151000977,1.1785364151000977,0.5836417078971863,0.04859676957130432,1.1785364151000977,0.2973535656929016,0.27480077743530273
2025-12-24,97.9800033569336,0.1422879993915558,0.006403032690286636,1.179551362991333,1.3513604402542114,0.011172198690474033,1.179551362991333,1.179551362991333,0.18120867013931274,0.7307004332542419,0.012821133248507977,0.0006762833800166845,0.6701900959014893,0.05585253983736038,1.179551362991333,5.975500607746653e-05,1.179551362991333,0.26692652702331543,0.023338312283158302,1.269921898841858,0.03175661712884903,0.2795443534851074,0.0006895805709064007,0.10914170742034912,1.179551362991333,0.032144006341695786,1.179551362991333,0.3139638602733612,1.179551362991333,0.09973569959402084,0.27236825227737427,0.0006848142365925014,0.7785554528236389,0.05999268218874931,0.24621444940567017,0.1579354703426361,0.017024753615260124,0.12858594954013824,3.7985260860295966e-05,0.00828986894339323,0.003573342692106962,0.0011021469254046679,0.0002663591003511101,1.179551362991333,1.179551362991333,0.5842998623847961,0.0485670305788517,1.179551362991333,0.2973535656929016,0.27480077743530273
2025-12-23,97.94000244140625,0.14202728867530823,0.0063744205981493,1.1765950918197632,1.3469899892807007,0.011160229332745075,1.1765950918197632,1.1765950918197632,0.1788908690214157,0.7273415327072144,0.012691129930317402,0.0006771214539185166,0.6658400893211365,0.05566658079624176,1.1765950918197632,5.967868855805136e-05,1.1765950918197632,0.2669795751571655,0.023355863988399506,1.2635356187820435,0.031713612377643585,0.27919936180114746,0.0006888383650220931,0.10835880041122437,1.1765950918197632,0.03213367611169815,1.1765950918197632,0.31257033348083496,1.1765950918197632,0.09898725897073746,0.27236825227737427,0.0006852506776340306,0.776469886302948,0.05989278852939606,0.245380699634552,0.15751603245735168,0.01701345667243004,0.1285347044467926,3.802281207754277e-05,0.008289271034300327,0.003572704503312707,0.0010996866039931774,0.0002630741219036281,1.1765950918197632,1.1765950918197632,0.5797706246376038,0.048372507095336914,1.1765950918197632,0.29708853363990784,0.27475547790527344
2025-12-22,98.29000091552734,0.14202728867530823,0.006342119537293911,1.1708093881607056,1.3377031087875366,0.011164452880620956,1.1708093881607056,1.1708093881607056,0.18051192164421082,0.7251473665237427,0.012554316781461239,0.0006785549339838326,0.6610198020935059,0.05550744757056236,1.1708093881607056,5.995743049425073e-05,1.1708093881607056,0.2666311264038086,0.023360731080174446,1.2565497159957886,0.03174209967255592,0.27861982583999634,0.000690014217980206,0.10791491717100143,1.1708093881607056,0.03184713423252106,1.1708093881607056,0.3118937611579895,1.1708093881607056,0.09870197623968124,0.27236825227737427,0.0006850910140201449,0.7734490633010864,0.05971945822238922,0.2454288750886917,0.15674865245819092,0.017095185816287994,0.12851637601852417,3.807348184636794e-05,0.008280067704617977,0.003586418693885207,0.0010987319983541965,0.0002619505685288459,1.1708093881607056,1.1708093881607056,0.57548987865448,0.048155177384614944,1.1708093881607056,0.30307456851005554,0.284263014793396
2025-12-19,98.5999984741211,0.1420353651046753,0.006427313666790724,1.1725666522979736,1.3385393619537354,0.011079620569944382,1.1725666522979736,1.1725666522979736,0.18111677467823029,0.7258474230766296,0.012513433583080769,0.0006782604032196105,0.6613800525665283,0.05557584390044212,1.1725666522979736,5.9933357988484204e-05,1.1725666522979736,0.2669118046760559,0.023372512310743332,1.2594300508499146,0.031731829047203064,0.27910274267196655,0.0006896008853800595,0.10774863511323929,1.1725666522979736,0.03184713423252106,1.1725666522979736,0.31173625588417053,1.1725666522979736,0.09851197898387909,0.2722792625427246,0.0006861628498882055,0.7753741145133972,0.05981927365064621,0.24497796595096588,0.1569545716047287,0.017070671543478966,0.12851817905902863,3.804451262112707e-05,0.008275999687612057,0.0035714285913854837,0.0010981287341564894,0.0002589358773548156,1.1725666522979736,1.1725666522979736,0.5776106715202332,0.04819184169173241,1.1725666522979736,0.29730933904647827,0.27475547790527344
2025-12-18,98.43000030517578,0.1419849395751953,0.006431075278669596,1.1742326021194458,1.3374598026275635,0.01106027141213417,1.1742326021194458,1.1742326021194458,0.18120867013931274,0.7254893779754639,0.01242284569889307,0.0006784260622225702,0.6601501107215881,0.05551927909255028,1.1742326021194458,6.003482121741399e-05,1.1742326021194458,0.266912579536438,0.023402981460094452,1.2575452327728271,0.03161345794796944,0.27879616618156433,0.0006893068784847856,0.1075429618358612,1.1742326021194458,0.03175611421465874,1.1742326021194458,0.30968573689460754,1.1742326021194458,0.09807046502828598,0.27236825227737427,0.0006883875466883183,0.7744973301887512,0.05964209884405136,0.2447381317615509,0.1571795642375946,0.017054950818419456,0.12854726612567902,3.802281207754277e-05,0.0082929078489542,0.0035714285913854837,0.001090013305656612,0.00025881591136567295,1.1742326021194458,1.1742326021194458,0.5772998332977295,0.04817187413573265,1.1742326021194458,0.2973535656929016,0.2747630178928375
2025-12-17,98.37000274658203,0.14201116561889648,0.006460866425186396,1.1749500036239624,1.342499852180481,0.010995185002684593,1.1749500036239624,1.1749500036239624,0.18157057464122772,0.7269502282142639,0.01265191100537777,0.0006794678629375994,0.6634001135826111,0.05569138005375862,1.1749500036239624,6.007954652886838e-05,1.1749500036239624,0.2669120132923126,0.023415036499500275,1.2575452327728271,0.03177730366587639,0.27900850772857666,0.0006895327242091298,0.10755892097949982,1.1749500036239624,0.03180661424994469,1.1749500036239624,0.3099314272403717,1.1749500036239624,0.09819652885198593,0.27236825227737427,0.0006883402238599956,0.7757771611213684,0.05976096913218498,0.24485798180103302,0.1572772115468979,0.01711156778037548,0.12853635847568512,3.8008362025721e-05,0.008287777192890644,0.0035714285913854837,0.0010947627015411854,0.0002604688925202936,1.1749500036239624,1.1749500036239624,0.5785999298095703,0.04837695509195328,1.1749500036239624,0.2969121038913727,0.27475547790527344
2025-12-16,98.1500015258789,0.14190435409545898,0.006450988817960024,1.1754610538482666,1.3380612134933472,0.011016018688678741,1.1754610538482666,1.1754610538482666,0.1847267895936966,0.7262586355209351,0.012579220347106457,0.0006814402877353132,0.6641799807548523,0.055613331496715546,1.1754610538482666,6.0075210058130324e-05,1.1754610538482666,0.2668134570121765,0.023422548547387123,1.256265640258789,0.03191961348056793,0.278775155544281,0.0006952918483875692,0.10775676369667053,1.1754610538482666,0.031776294112205505,1.1754610538482666,0.3113625645637512,1.1754610538482666,0.09862487018108368,0.27236825227737427,0.0006888950010761619,0.7755364775657654,0.05958577245473862,0.24431957304477692,0.15738490223884583,0.0170302614569664,0.12850166857242584,3.8037276681279764e-05,0.00828918069601059,0.0035714285913854837,0.001094295410439372,0.00026191241340711713,1.1754610538482666,1.1754610538482666,0.5786099433898926,0.04838654771447182,1.1754610538482666,0.2969561815261841,0.2747630178928375
2025-12-15,98.1500015258789,0.14176353812217712,0.006414861883968115,1.1737639904022217,1.3367732763290405,0.011040329933166504,1.1737639904022217,1.1737639904022217,0.18456314504146576,0.726332426071167,0.012542947195470333,0.0006789281032979488,0.6647300720214844,0.055545590817928314,1.1737639904022217,6.0157253756187856e-05,1.1737639904022217,0.266545832157135,0.023428969085216522,1.2560604810714722,0.03192837908864021,0.2780303359031677,0.0006940851453691721,0.10792388021945953,1.1737639904022217,0.03167564049363136,1.1737639904022217,0.31040090322494507,1.1737639904022217,0.09887704998254776,0.27236825227737427,0.0006886720657348633,0.7741555571556091,0.05931595712900162,0.24421216547489166,0.15716031193733215,0.016926201060414314,0.12846453487873077,3.8018475606804714e-05,0.008300120010972023,0.0035913942847400904,0.0010992031311616302,0.00026596395764499903,1.1737639904022217,1.1737639904022217,0.5802315473556519,0.04840177297592163,1.1737639904022217,0.3036425709724426,0.28481534123420715
2025-12-12,98.4000015258789,0.141685202717781,0.0064280983060598,1.1739431619644165,1.339046597480774,0.0110799642279744,1.1739431619644165,1.1739431619644165,0.1849967688322067,0.7259159088134766,0.0124594699591398,0.0006798789836466,0.6665000319480896,0.0554583817720413,1.1739431619644165,6.006366675137542e-05,1.1739431619644165,0.2667738795280456,0.0234563387930393,1.2581939697265625,0.0320717394351959,0.2779561281204223,0.0006961447652429,0.108101911842823,1.1739431619644165,0.0316155552864074,1.1739431619644165,0.3116371631622314,1.1739431619644165,0.0993551835417747,0.2723682522773742,0.0006886340561322,0.774143636226654,0.0593411959707737,0.2434274703264236,0.1571785807609558,0.0170111432671546,0.1285016685724258,3.802281207754277e-05,0.0082892319187521,0.0035714285913854,0.0010943912202492,0.0002630540693644,1.1739431619644165,1.1739431619644165,0.5809191465377808,0.0485389791429042,1.1739431619644165,0.2969121038913727,0.2747630178928375
2025-12-11,98.3499984741211,0.1415628492832183,0.0064188973046839,1.1701242923736572,1.3388315439224243,0.0111367255449295,1.1701242923736572,1.1701242923736572,0.1828220337629318,0.7251946926116943,0.0127803375944495,0.0006807166500948,0.6674498319625854,0.0550739653408527,1.1701242923736572,6.009976641507819e-05,1.1701242923736572,0.2667867541313171,0.0234677884727716,1.2509695291519165,0.0321781374514102,0.2770658731460571,0.0006955335848033,0.1079725846648216,1.1701242923736572,0.0315059870481491,1.1701242923736572,0.30899578332901,1.1701242923736572,0.099198579788208,0.2723682522773742,0.0006904122419655,0.7739099264144897,0.0590918771922588,0.2429838478565216,0.1566735059022903,0.0169620886445045,0.128550574183464,3.794346412178129e-05,0.0083291782066226,0.0035731811076402,0.0010830364190042,0.0002604146429803,1.1701242923736572,1.1701242923736572,0.5817199945449829,0.0482860840857028,1.1701242923736572,0.3052090406417846,0.2857823967933655
2025-12-10,98.79000091552734,0.141576886177063,0.0063760057091712,1.1628313064575195,1.3303532600402832,0.0111213801428675,1.1628313064575195,1.1628313064575195,0.1841112077236175,0.7222563624382019,0.0129556823521852,0.0006812313804402,0.6640987992286682,0.0549979358911514,1.1628313064575195,6.001680594636128e-05,1.1628313064575195,0.2667925357818603,0.0235020946711301,1.2408487796783447,0.0321016982197761,0.2751614451408386,0.0006944378255866,0.1069073900580406,1.1628313064575195,0.0314465425908565,1.1628313064575195,0.3102583885192871,1.1628313064575195,0.0985580906271934,0.2723682522773742,0.0006892748642712,0.7710456848144531,0.0587271451950073,0.2431315332651138,0.1557074636220932,0.0168605633080005,0.1284963935613632,3.796507371589541e-05,0.0082822265103459,0.0035714285913854,0.0010802869219332,0.0002592937380541,1.1628313064575195,1.1628313064575195,0.5779501795768738,0.0480049178004264,1.1628313064575195,0.2974419891834259,0.2747554779052734
2025-12-09,99.22000122070312,0.1414227038621902,0.0064166733063757,1.1641442775726318,1.3326793909072876,0.0110950851812958,1.1641442775726318,1.1641442775726318,0.1841620653867721,0.7220737934112549,0.0130641311407089,0.0006809623446315,0.6627300977706909,0.0547627173364162,1.1641442775726318,5.9930480347247794e-05,1.1641442775726318,0.2667503356933594,0.0234996080398559,1.239713430404663,0.0320875868201255,0.2747901976108551,0.0006971068796701,0.106461688876152,1.1641442775726318,0.0313479639589786,1.1641442775726318,0.3102660775184631,1.1641442775726318,0.0987901166081428,0.2723682522773742,0.0006893604295328,0.7706891894340515,0.0587343871593475,0.243190661072731,0.1558652073144912,0.016918471083045,0.1285281032323837,3.799391924985685e-05,0.0082845613360404,0.0035553819034248,0.0010837876470759,0.0002603583561722,1.1641442775726318,1.1641442775726318,0.5776100158691406,0.0479917824268341,1.1641442775726318,0.3034737408161163,0.2843830585479736
2025-12-08,99.08999633789062,0.1414507180452346,0.0064374920912086,1.164022445678711,1.3324593305587769,0.0111187705770134,1.164022445678711,1.164022445678711,0.1838877648115158,0.7228253483772278,0.0131594678387045,0.0006794354994781,0.6635400652885437,0.0550309270620346,1.164022445678711,5.99412560404744e-05,1.164022445678711,0.2664819061756134,0.0235211104154586,1.2424675226211548,0.0319754444062709,0.2752803862094879,0.0006973522831685,0.1063902229070663,1.164022445678711,0.0313971750438213,1.164022445678711,0.3091620206832886,1.164022445678711,0.0989196076989173,0.2723682522773742,0.0006898550200276,0.7716228365898132,0.0590646900236606,0.243397831916809,0.155851125717163,0.0169880222529172,0.128469318151474,3.799391924985685e-05,0.0082793729379773,0.0035851129796355,0.0010853285202756,0.0002662639890331,1.164022445678711,1.164022445678711,0.5775999426841736,0.0481025911867618,1.164022445678711,0.3037512004375458,0.2844436466693878
2025-12-05,98.98999786376952,0.1414147168397903,0.0064457077533006,1.1642799377441406,1.332178831100464,0.0111313452944159,1.1642799377441406,1.1642799377441406,0.1883487552404403,0.7163477540016174,0.0131584508344531,0.0006791725172661,0.660641610622406,0.0548889599740505,1.1642799377441406,6.004419265082106e-05,1.1642799377441406,0.2667568027973175,0.0235293563455343,1.244121551513672,0.0318826735019683,0.2751228213310241,0.0006915593985468,0.1061117127537727,1.1642799377441406,0.0312304813414812,1.1642799377441406,0.3085362613201141,1.1642799377441406,0.0988669842481613,0.2723682522773742,0.0006911518867127,0.7713430523872375,0.0588858760893344,0.2430429011583328,0.155905544757843,0.0169302131980657,0.1285054683685302,3.796507371589541e-05,0.0082756718620657,0.0035688793286681,0.0010902391513809,0.0002634879492688,1.1642799377441406,1.1642799377441406,0.5759804248809814,0.0481007434427738,1.1642799377441406,0.2976190447807312,0.2747630178928375
2025-12-04,98.98999786376952,0.1415708661079406,0.0064471624791622,1.1666841506958008,1.3348817825317385,0.0110901016741991,1.1666841506958008,1.1666841506958008,0.188462346792221,0.7166866064071655,0.0129878865554928,0.0006825798773206,0.6605019569396973,0.0547189638018608,1.1666841506958008,6.0262744227657095e-05,1.1666841506958008,0.2667564451694488,0.0235587917268276,1.2503751516342163,0.0319338850677013,0.2762232422828674,0.0006882335874252,0.1066508516669273,1.1666841506958008,0.0313577912747859,1.1666841506958008,0.3092719614505768,1.1666841506958008,0.0993865877389907,0.2723682522773742,0.0006907508941367,0.7729527950286865,0.0587103888392448,0.2427184581756591,0.1562304645776748,0.0169894658029079,0.1284807026386261,3.7957866879878566e-05,0.0082806134596467,0.0035688793286681,0.0010887908283621,0.0002653822302818,1.1666841506958008,1.1666841506958008,0.5774205327033997,0.048404112458229,1.1666841506958008,0.2976190447807312,0.2747630178928375
2025-12-03,98.8499984741211,0.1414427161216735,0.0064181964844465,1.1627906560897827,1.3219469785690308,0.0111213428899645,1.1627906560897827,1.1627906560897827,0.1877475827932357,0.7158401012420654,0.012910870835185,0.0006814960506744,0.6573700904846191,0.0547187812626361,1.1627906560897827,6.020505679771304e-05,1.1627906560897827,0.2667022347450256,0.0235558617860078,1.2455471754074097,0.0318451039493083,0.2749670147895813,0.0006865827017463,0.1060882955789566,1.1627906560897827,0.031240239739418,1.1627906560897827,0.3074766099452972,1.1627906560897827,0.0987662151455879,0.2723682522773742,0.0006912092212587,0.7716109156608582,0.0585023500025272,0.2421307414770126,0.1556953340768814,0.0171276871114969,0.1284620463848114,3.796507371589541e-05,0.0082863867282867,0.0035688793286681,0.0010828839149326,0.0002620373270474,1.1627906560897827,1.1627906560897827,0.574079155921936,0.0481741987168788,1.1627906560897827,0.2970885336399078,0.2747554779052734
2025-12-02,99.36000061035156,0.1414087116718292,0.0064285113476216,1.1607661247253418,1.320934176445007,0.0111591322347521,1.1607661247253418,1.1607661247253418,0.1867134571075439,0.7142857313156128,0.0128659522160887,0.0006801934214308,0.6544001698493958,0.0546271950006485,1.1607661247253418,6.0208320064703e-05,1.1607661247253418,0.2667604982852936,0.0235748905688524,1.2428536415100098,0.031851191073656,0.2745857238769531,0.000689051579684,0.1058096960186958,1.1607661247253418,0.031240239739418,1.1607661247253418,0.3070121705532074,1.1607661247253418,0.098731592297554,0.2723682522773742,0.0006913478136993,0.7713192701339722,0.0585674159228801,0.2422187179327011,0.1554354280233383,0.0171060059219598,0.12839937210083,3.796507371589541e-05,0.0082981875166296,0.003566333791241,0.0010760787408798,0.0002625774650368,1.1607661247253418,1.1607661247253418,0.572619616985321,0.0480861701071262,1.1607661247253418,0.2966478765010834,0.2747630178928375
2025-12-01,99.41000366210938,0.1413407623767852,0.00641321670264,1.1601465940475464,1.32397723197937,0.0111919417977333,1.1601465940475464,1.1601465940475464,0.1874273717403412,0.7158503532409668,0.0130144152790308,0.0006823050789535,0.6551298499107361,0.054691132158041,1.1601465940475464,6.011421646689996e-05,1.1601465940475464,0.2669147849082947,0.0235463082790374,1.244802951812744,0.0318705812096595,0.2740484476089477,0.0006895384285598,0.1058742180466651,1.1601465940475464,0.0311672128736972,1.1601465940475464,0.3072866797447204,1.1601465940475464,0.0988248735666275,0.2723682522773742,0.0006912426324561,0.7718193531036377,0.0584473311901092,0.2421307414770126,0.155339315533638,0.0170966461300849,0.1284557878971099,3.797949102590792e-05,0.0083125494420528,0.0035670679062604,0.0010780857410281,0.0002708664105739,1.1601465940475464,1.1601465940475464,0.5736411809921265,0.0480159781873226,1.1601465940475464,0.3042308986186981,0.2852908372879028
2025-11-28,99.45999908447266,0.1413267701864242,0.0063986079767346,1.1599851846694946,1.3241175413131714,0.0111900884658098,1.1599851846694946,1.1599851846694946,0.1867274194955825,0.7129616141319275,0.0128290336579084,0.0006842753500677,0.653579831123352,0.0545565672218799,1.1599851846694946,6.022681191097945e-05,1.1599851846694946,0.2668800950050354,0.0235376637428998,1.2428536415100098,0.0319338850677013,0.2745743989944458,0.0006895891856402,0.1055902689695358,1.1599851846694946,0.0310462601482868,1.1599851846694946,0.3062880933284759,1.1599851846694946,0.0984234511852264,0.2723682522773742,0.0006922714528627,0.7711765170097351,0.058340098708868,0.242248073220253,0.1553248465061187,0.0170619338750839,0.1285561919212341,3.791900599026121e-05,0.0082897413522005,0.0035569323226809,0.0010788883082568,0.0002671025868039,1.1599851846694946,1.1599851846694946,0.5731000304222107,0.0480679124593734,1.1599851846694946,0.3031194806098938,0.2845127582550049
2025-11-27,,0.1413267701864242,0.0064004505984485,1.1602139472961426,1.3244997262954712,0.0112154139205813,1.1602139472961426,1.1602139472961426,0.1875891089439392,0.7122761011123657,0.0127395298331975,0.0006799991824664,0.6524859666824341,0.0545286871492862,1.1602139472961426,6.018766725901514e-05,1.1602139472961426,0.2669232487678528,0.023561343550682,1.2445706129074097,0.0320011265575885,0.2743408977985382,0.0006883964524604,0.1054085046052932,1.1602139472961426,0.031055899336934,1.1602139472961426,0.3059423267841339,1.1602139472961426,0.0980824828147888,0.2723682522773742,0.0006913143442943,0.7714025974273682,0.0583733692765235,0.2417794913053512,0.1553576588630676,0.017017800360918,0.1285710632801056,3.795066368184053e-05,0.008270725607872,0.0035682425368577,0.0010802635224536,0.000267764145974,1.1602139472961426,1.1602139472961426,0.5707000494003296,0.0480408929288387,1.1602139472961426,0.2970885336399078,0.2747554779052734
2025-11-26,99.5999984741211,0.1411532312631607,0.006400819402188,1.156483769416809,1.315870761871338,0.0112169748172163,1.156483769416809,1.156483769416809,0.1858943402767181,0.7091091871261597,0.0126791289076209,0.0006826311000622,0.6470301151275635,0.0543900951743125,1.156483769416809,6.011963705532253e-05,1.156483769416809,0.2669289112091064,0.0235503576695919,1.237654447555542,0.0318592078983783,0.2741453349590301,0.0006908665527589,0.104938730597496,1.156483769416809,0.0309789348393678,1.156483769416809,0.3046254217624664,1.156483769416809,0.0977863073348999,0.2723682522773742,0.000690221611876,0.7681140303611755,0.0581324361264705,0.2422187179327011,0.1548385471105575,0.0170154832303524,0.1286117434501648,3.796074815909378e-05,0.0083125671371817,0.0035695431288331,0.0010695644887164,0.0002629572118166,1.156483769416809,1.156483769416809,0.5624499320983887,0.0479030460119247,1.156483769416809,0.2965599000453949,0.2863514423370361
2025-11-25,99.66000366210938,0.1408014446496963,0.0063719027675688,1.1520073413848877,1.3106160163879397,0.0112173268571496,1.1520073413848877,1.1520073413848877,0.1856389790773391,0.7087674736976624,0.0127390902489423,0.000678030482959,0.6465799808502197,0.0540727563202381,1.1520073413848877,6.007810225128196e-05,1.1520073413848877,0.2669732272624969,0.0235612876713275,1.2366900444030762,0.0318206846714019,0.2721251547336578,0.0007020463817752,0.1047402247786521,1.1520073413848877,0.0309119019657373,1.1520073413848877,0.3064720928668976,1.1520073413848877,0.0977946370840072,0.2723682522773742,0.0006876396946609,0.766400933265686,0.0578329861164093,0.241721048951149,0.1542567163705825,0.0169787928462028,0.1285077780485153,3.795066368184053e-05,0.0082789817824959,0.0035682425368577,0.0010631059994921,0.0002637652505654,1.1520073413848877,1.1520073413848877,0.561381459236145,0.0477226749062538,1.1520073413848877,0.2959455549716949,0.2747554779052734
2025-11-24,100.13999938964844,0.1407142728567123,0.0063821095973253,1.1507612466812134,1.3096375465393066,0.0111564807593822,1.1507612466812134,1.1507612466812134,0.1851131916046142,0.7094916105270386,0.0127900959923863,0.0006813242216594,0.6462398767471313,0.0541304796934127,1.1507612466812134,6.009976641507819e-05,1.1507612466812134,0.2666737735271454,0.0235872715711593,1.2365983724594116,0.0319095291197299,0.2716195583343506,0.0007020029006525,0.1048269718885421,1.1507612466812134,0.0308928024023771,1.1507612466812134,0.3062196373939514,1.1507612466812134,0.0976706519722938,0.2723682522773742,0.0006887431372888,0.7650231122970581,0.057587694376707,0.2400960475206375,0.154095783829689,0.017072420567274,0.1284965574741363,3.795210432144813e-05,0.0082687065005302,0.003559126984328,0.0010654506040737,0.0002689917746465,1.1507612466812134,1.1507612466812134,0.5613183975219727,0.0475018769502639,1.1507612466812134,0.3023023903369903,0.2847709655761719
2025-11-21,100.18000030517578,0.1406964510679245,0.0063544916920363,1.1534557342529297,1.308489441871643,0.0112749487161636,1.1534557342529297,1.1534557342529297,0.1875363290309906,0.7096627950668335,0.0124930683523416,0.0006787714082747,0.6449499130249023,0.0544487349689006,1.1534557342529297,5.9769288782263175e-05,1.1534557342529297,0.2669415175914764,0.0235633980482816,1.2414957284927368,0.0318957902491092,0.2725092768669128,0.0007021309575065,0.1048563122749328,1.1534557342529297,0.0308261420577764,1.1534557342529297,0.3080581724643707,1.1534557342529297,0.0980094298720359,0.2723682522773742,0.0006877295090816,0.764911949634552,0.0580978170037269,0.2407318353652954,0.1544506549835205,0.0169721655547618,0.1284769028425216,3.7927635275991634e-05,0.0082596680149436,0.0035558387171477,0.0010750953806564,0.0002658040612004,1.1534557342529297,1.1534557342529297,0.5591809153556824,0.0476987734436988,1.1534557342529297,0.3020899891853332,0.2844944596290588
2025-11-20,100.16000366210938,0.1406964510679245,0.0063697509467601,1.154068112373352,1.3061821460723877,0.0113010695204138,1.154068112373352,1.154068112373352,0.1876665502786636,0.7121238708496094,0.0124156828969717,0.0006820677663199,0.649000883102417,0.0545946918427944,1.154068112373352,5.99279701418709e-05,1.154068112373352,0.2669446468353271,0.0236167106777429,1.2415882349014282,0.0320687554776668,0.2731344997882843,0.000710749940481,0.1048519164323806,1.154068112373352,0.0308261420577764,1.154068112373352,0.3052344620227813,1.154068112373352,0.0983251333236694,0.2723682522773742,0.0006893508834764,0.7657085061073303,0.0582112818956375,0.2410800457000732,0.154524877667427,0.0169880222529172,0.128431037068367,3.79132543457672e-05,0.0082813436165452,0.0035662066657096,0.0010730188805609,0.0002693784190341,1.154068112373352,1.154068112373352,0.5614413619041443,0.0477947518229484,1.154068112373352,0.2959455549716949,0.2747932076454162
2025-11-19,100.2300033569336,0.1406964510679245,0.0064288834109902,1.1581177711486816,1.3147515058517456,0.0112921874970197,1.1581177711486816,1.1581177711486816,0.187916949391365,0.715046763420105,0.0123351644724607,0.0006865538307465,0.6509018540382385,0.0545244365930557,1.1581177711486816,5.9781083109555766e-05,1.1581177711486816,0.2669523358345032,0.023625636473298,1.2496875524520874,0.0321510322391986,0.2733129262924194,0.0007140300585888,0.1055858060717582,1.1581177711486816,0.0308928024023771,1.1581177711486816,0.3045076429843902,1.1581177711486816,0.0989462286233902,0.2723682522773742,0.0006925207562744,0.7686395049095154,0.0582519769668579,0.2403095066547393,0.1550697684288025,0.0170212760567665,0.1284670084714889,3.79103803425096e-05,0.0082838861271739,0.003566333791241,0.0010730765061452,0.0002688316453713,1.1581177711486816,1.1581177711486816,0.5659213662147522,0.0479175075888633,1.1581177711486816,0.2970002889633178,0.2748385369777679
2025-11-18,99.5500030517578,0.1406964510679245,0.0064402697607874,1.159057378768921,1.3156163692474363,0.0112821096554398,1.159057378768921,1.159057378768921,0.1876348555088043,0.7117184400558472,0.0123082734644413,0.0006841396098025,0.6492701172828674,0.0542514137923717,1.159057378768921,5.9741079894592986e-05,1.159057378768921,0.2669568359851837,0.0236302707344293,1.2559027671813965,0.0320769846439361,0.2737985849380493,0.0007209799368865,0.1055145040154457,1.159057378768921,0.0307976584881544,1.159057378768921,0.3076459169387817,1.159057378768921,0.098988726735115,0.2723682522773742,0.0006922570755705,0.7675127387046814,0.0582375600934028,0.24119633436203,0.155215635895729,0.0169750470668077,0.1286355555057525,3.797228055191226e-05,0.0082851173356175,0.0035662066657096,0.0010829895036295,0.0002663470513653,1.159057378768921,1.159057378768921,0.5654797554016113,0.0480058379471302,1.159057378768921,0.2977076470851898,0.2748309671878814
2025-11-17,99.58999633789062,0.1408609449863433,0.0064689326100051,1.161534547805786,1.3160146474838257,0.0112762451171875,1.161534547805786,1.161534547805786,0.1888360232114792,0.7133584022521973,0.0124860238283872,0.0006913095130585,0.6533001661300659,0.0546256117522716,1.161534547805786,5.995383617118932e-05,1.161534547805786,0.2681837975978851,0.0236339513212442,1.259001851081848,0.0327284038066864,0.2749768197536468,0.0007106288103386,0.1058474332094192,1.161534547805786,0.0308832600712776,1.161534547805786,0.3099448680877685,1.161534547805786,0.0992136374115943,0.2723682522773742,0.0006943094194866,0.7698466777801514,0.0585405379533767,0.2421307414770126,0.1555628478527069,0.0169736053794622,0.1286751180887222,3.798670513788238e-05,0.0082926740869879,0.0035567835438996,0.0010890194680541,0.0002701782505027,1.161534547805786,1.161534547805786,0.5676302909851074,0.0480538196861743,1.161534547805786,0.3028815388679504,0.2845621407032013
2025-11-14,99.2699966430664,0.1406074315309524,0.0064669251441955,1.1631964445114136,1.3152183294296265,0.0112592196092009,1.1631964445114136,1.1631964445114136,0.1888039261102676,0.7124790549278259,0.0123922163620591,0.0006808696198277,0.6529000401496887,0.0546000525355339,1.1631964445114136,5.981219146633521e-05,1.1631964445114136,0.2669704556465149,0.0236489381641149,1.2606048583984375,0.0321286171674728,0.2750184237957001,0.0007102328236214,0.1063325256109237,1.1631964445114136,0.0309119019657373,1.1631964445114136,0.3103585243225097,1.1631964445114136,0.0997767001390457,0.2723682522773742,0.0006940444000065,0.7685331702232361,0.0586903691291809,0.2423361092805862,0.1557460129261016,0.0169923547655344,0.1286835670471191,3.799391924985685e-05,0.0082928296178579,0.003565062303096,0.001075986190699,0.000266892981017,1.1631964445114136,1.1631964445114136,0.5650898814201355,0.0481440462172031,1.1631964445114136,0.2969121038913727,0.2748083174228668
2025-11-13,99.18000030517578,0.1404632478952407,0.0064635812304914,1.159218668937683,1.3127838373184204,0.0112874461337924,1.159218668937683,1.159218668937683,0.1889894753694534,0.7138115167617798,0.0123044429346919,0.0006811896455474,0.6536400318145752,0.0546812638640403,1.159218668937683,5.977643741061911e-05,1.159218668937683,0.2669422328472137,0.0236695352941751,1.253415584564209,0.0321915000677108,0.2739166021347046,0.0007099715294316,0.1058967560529708,1.159218668937683,0.0309119019657373,1.159218668937683,0.3125801086425781,1.159218668937683,0.0992735177278518,0.2723682522773742,0.0006935630808584,0.7681908011436462,0.0585232339799404,0.2419549971818924,0.1552491337060928,0.016913890838623,0.1286931782960891,3.805175219895318e-05,0.0082948701456189,0.0035644271411001,0.0010758240241557,0.0002699055476114,1.159218668937683,1.159218668937683,0.566228985786438,0.0478491783142089,1.159218668937683,0.2962962985038757,0.2748083174228668
2025-11-12,99.4800033569336,0.1404632478952407,0.0064903455786406,1.1587486267089844,1.3152875900268557,0.0113037135452032,1.1587486267089844,1.1587486267089844,0.1897281259298324,0.713480532169342,0.0123567162081599,0.0006850066129118,0.6529499292373657,0.0545951351523399,1.1587486267089844,5.989853161736392e-05,1.1587486267089844,0.2669397294521332,0.0236754193902015,1.249484658241272,0.0322952568531036,0.2741360962390899,0.0007092681480571,0.1058544963598251,1.1587486267089844,0.0309023484587669,1.1587486267089844,0.3105021119117737,1.1587486267089844,0.0995373502373695,0.2723682522773742,0.0006964321946725,0.7686513662338257,0.0583021342754364,0.2418379485607147,0.1551831215620041,0.0169802363961935,0.1286757886409759,3.805175219895318e-05,0.0082986736670136,0.0035552561748772,0.0010687985923141,0.0002661854086909,1.1587486267089844,1.1587486267089844,0.5657292604446411,0.0478148609399795,1.1587486267089844,0.3032985031604767,0.2837483882904053
2025-11-11,99.45999908447266,0.1404632478952407,0.0064873564988374,1.1557220220565796,1.3172974586486816,0.0112730544060468,1.1557220220565796,1.1557220220565796,0.189046636223793,0.7129870653152466,0.0123078990727663,0.0006867707706987,0.653488039970398,0.0544111095368862,1.1557220220565796,5.99161176069174e-05,1.1557220220565796,0.2669388055801391,0.0236775502562522,1.2419891357421875,0.0322926491498947,0.2730300724506378,0.0007042327779345,0.105160653591156,1.1557220220565796,0.0309119019657373,1.1557220220565796,0.3091534376144409,1.1557220220565796,0.0987308174371719,0.2723682522773742,0.0006957199657335,0.7677307724952698,0.0583239644765853,0.240529179573059,0.1547815054655075,0.0169865805655717,0.1286486387252807,3.806623499258421e-05,0.0082925967872142,0.0035523434635251,0.001066734897904,0.000266526651103,1.1557220220565796,1.1557220220565796,0.5643786787986755,0.0476081632077693,1.1557220220565796,0.3023554980754852,0.2843694686889648
2025-11-10,99.62000274658205,0.1404770612716674,0.0065012318082153,1.1543878316879272,1.3142677545547483,0.011279297992587,1.1543878316879272,1.1543878316879272,0.1875855773687362,0.7120580077171326,0.0124524272978305,0.0006877579144202,0.650239884853363,0.0542189367115497,1.1543878316879272,6.00492421654053e-05,1.1543878316879272,0.2666737735271454,0.0236796699464321,1.2390192747116089,0.0322926491498947,0.2724187076091766,0.000709966989234,0.1048120260238647,1.1543878316879272,0.0308928024023771,1.1543878316879272,0.3066732287406921,1.1543878316879272,0.098348245024681,0.2723682522773742,0.0006966213695704,0.7676835656166077,0.0577849298715591,0.239607036113739,0.1545953452587127,0.0171019099652767,0.128592386841774,3.805175219895318e-05,0.0083111943677067,0.0035591314081102,0.0010752738453447,0.0002675867581274,1.1543878316879272,1.1543878316879272,0.5627208352088928,0.0475174486637115,1.1543878316879272,0.302970826625824,0.284923106431961
2025-11-07,99.5999984741211,0.1404770612716674,0.0065381699241697,1.1549211740493774,1.3140950202941897,0.0112773906439542,1.1549211740493774,1.1549211740493774,0.1869333535432815,0.7086268067359924,0.0123087605461478,0.0006906554335728,0.6483898758888245,0.0538900569081306,1.1549211740493774,5.990140198264271e-05,1.1549211740493774,0.2669324576854706,0.0237164981663227,1.2408487796783447,0.0322801396250724,0.2718373835086822,0.0006893034442327,0.1045111119747161,1.1549211740493774,0.0308928024023771,1.1549211740493774,0.3056290745735168,1.1549211740493774,0.0980990380048751,0.2723682522773742,0.0006955699063837,0.766794741153717,0.0576268248260021,0.2392344623804092,0.1546823978424072,0.016998128965497,0.1286074370145797,3.804451262112707e-05,0.0083024855703115,0.00355503289029,0.0010615711798891,0.0002642601320985,1.1549211740493774,1.1549211740493774,0.5639013051986694,0.0474908240139484,1.1549211740493774,0.3024342358112335,0.2846246659755707
2025-11-06,99.7300033569336,0.1403311789035797,0.0064904298633337,1.1496764421463013,1.3052598237991333,0.0112921744585037,1.1496764421463013,1.1496764421463013,0.1866158992052078,0.7091041803359985,0.012293042615056,0.0006945698405615,0.6509907841682434,0.0537903346121311,1.1496764421463013,5.999160202918574e-05,1.1496764421463013,0.2669446468353271,0.0237466525286436,1.2349796295166016,0.0323698967695236,0.2703330218791961,0.0006892950041219,0.1046988889575004,1.1496764421463013,0.0307786986231803,1.1496764421463013,0.3070366680622101,1.1496764421463013,0.0979690998792648,0.2723682522773742,0.0006935005076229,0.7656381726264954,0.057471927255392,0.2387204468250274,0.1540120095014572,0.0170354843139648,0.1286206692457199,3.802281207754277e-05,0.0083129340782761,0.0035556519869714,0.0010599732631817,0.0002609092625789,1.1496764421463013,1.1496764421463013,0.566899836063385,0.0472168065607547,1.1496764421463013,0.3017250299453735,0.284599632024765
2025-11-05,100.1999969482422,0.1402622908353805,0.006512239575386,1.1485539674758911,1.3021697998046875,0.0112698907032608,1.1485539674758911,1.1485539674758911,0.1853259056806564,0.709174633026123,0.0123463300988078,0.0006945360801182,0.6485601663589478,0.0535460859537124,1.1485539674758911,5.985514872008935e-05,1.1485539674758911,0.2669780850410461,0.0237687788903713,1.2340651750564575,0.0323425717651844,0.2697007060050964,0.0006859939894638,0.1043746620416641,1.1485539674758911,0.0307125300168991,1.1485539674758911,0.3060087859630584,1.1485539674758911,0.0978019088506698,0.2723682522773742,0.0006933562690392,0.7647539973258972,0.057172130793333,0.2380952537059784,0.1538442522287368,0.0170686319470405,0.1286357343196869,3.803004437941127e-05,0.0083094527944922,0.0035637917462736,0.0010566468117758,0.0002590512449387,1.1485539674758911,1.1485539674758911,0.5642401576042175,0.0471584685146808,1.1485539674758911,0.2962962985038757,0.2748083174228668
2025-11-04,100.22000122070312,0.1394350081682205,0.0064849164336919,1.1519144773483276,1.3135254383087158,0.0112709840759634,1.1519144773483276,1.1519144773483276,0.1867448538541793,0.7114703059196472,0.0123483054339885,0.0006998047465458,0.6541078090667725,0.0540784038603305,1.1519144773483276,6.009290154906921e-05,1.1519144773483276,0.2669926881790161,0.0237701889127492,1.237424612045288,0.0323592126369476,0.2708140909671783,0.0006755579379387,0.1054326295852661,1.1519144773483276,0.0307786986231803,1.1519144773483276,0.3069179356098175,1.1519144773483276,0.0987666025757789,0.2723682522773742,0.0006935149431228,0.7663187384605408,0.0578231178224086,0.2382654249668121,0.1543112248182296,0.0170692168176174,0.1286686658859253,3.800980630330741e-05,0.0083007207140326,0.0035637917462736,0.0010654960060492,0.0002594033721834,1.1519144773483276,1.1519144773483276,0.5707013010978699,0.0473686717450618,1.1519144773483276,0.2962962985038757,0.2748083174228668
2025-11-03,99.87000274658205,0.140510618686676,0.0064852940849959,1.152804255485535,1.3134735822677612,0.011264381930232,1.152804255485535,1.152804255485535,0.1860603541135788,0.7135008573532104,0.0123620443046092,0.0007006873493082,0.6545702219009399,0.0538965053856372,1.152804255485535,6.013228994561359e-05,1.152804255485535,0.2669406533241272,0.0237870849668979,1.2423903942108154,0.0324867293238639,0.2710210084915161,0.0006906365742906,0.1053321212530136,1.152804255485535,0.0308975726366043,1.152804255485535,0.3074425756931305,1.152804255485535,0.0988603383302688,0.2723682522773742,0.0006912474054843,0.7681612372398376,0.0578393079340457,0.2389200776815414,0.1543760150671005,0.0170946009457111,0.1286873817443847,3.8008362025721e-05,0.0083120744675397,0.0035586899612098,0.0010766695486381,0.0002625568595249,1.152804255485535,1.152804255485535,0.5722787976264954,0.0473864041268825,1.152804255485535,0.3026061952114105,0.2852663397789001
2025-10-31,99.8000030517578,0.1406509280204773,0.0064977258443832,1.157246708869934,1.3159106969833374,0.0112822884693741,1.157246708869934,1.157246708869934,0.1858045309782028,0.7152512669563293,0.0125082023441791,0.000702237302903,0.6559299826622009,0.0539799407124519,1.157246708869934,6.191950524225831e-05,1.157246708869934,0.2669524252414703,0.0237943418323993,1.2475205659866333,0.0325407497584819,0.272894412279129,0.0006946880021132,0.105977788567543,1.157246708869934,0.030959753319621,1.157246708869934,0.3072876334190368,1.157246708869934,0.0995023921132087,0.2723682522773742,0.0006917255814187,0.7697044014930725,0.0578841380774974,0.2382370382547378,0.1549635678529739,0.0169906206429004,0.128714382648468,3.800114063778892e-05,0.0082840351387858,0.0035637917462736,0.0010615485953167,0.0002591714437585,1.157246708869934,1.157246708869934,0.5745310187339783,0.0475875474512577,1.157246708869934,0.2957704663276672,0.2747554779052734
2025-10-30,99.52999877929688,0.1408649086952209,0.0065478449687361,1.1603351831436155,1.3195397853851318,0.0113191837444901,1.1603351831436155,1.1603351831436155,0.1866437643766403,0.7172932028770447,0.0125007145106792,0.0007022422505542,0.657680094242096,0.0541544593870639,1.1603351831436155,6.037918137735687e-05,1.1603351831436155,0.2669480741024017,0.0238676983863115,1.250312566757202,0.0326102562248706,0.273807555437088,0.0006956545403227,0.1063275560736656,1.1603351831436155,0.0308641958981752,1.1603351831436155,0.3076326847076416,1.1603351831436155,0.0998721644282341,0.2723682522773742,0.0006884681642986,0.7708733081817627,0.0582658872008323,0.2388059645891189,0.1553743183612823,0.0175728406757116,0.1286819130182266,3.797228055191226e-05,0.0082853585481643,0.0035625221207737,0.0010632529156282,0.0002580145664978,1.1603351831436155,1.1603351831436155,0.5764286518096924,0.0476676225662231,1.1603351831436155,0.2951158285140991,0.2747630178928375
2025-10-29,99.22000122070312,0.1408688724040985,0.0065906108357012,1.1657865047454834,1.3279330730438232,0.0113345915451645,1.1657865047454834,1.1657865047454834,0.1866577118635177,0.7174167037010193,0.0126203717663884,0.0007012770511209,0.6585099697113037,0.0542733184993267,1.1657865047454834,6.037998537067324e-05,1.1657865047454834,0.2669732272624969,0.0238387435674667,1.261304497718811,0.032740619033575,0.275636225938797,0.0006786672747693,0.1067166328430175,1.1657865047454834,0.030921459197998,1.1657865047454834,0.3070875704288482,1.1657865047454834,0.1002443954348564,0.2723682522773742,0.0006867047050036,0.7732397317886353,0.0583200901746749,0.2382938265800476,0.156094878911972,0.0172786172479391,0.1287352591753006,3.801125058089383e-05,0.0082754809409379,0.0035623954609036,0.0010614584898576,0.0002572367084212,1.1657865047454834,1.1657865047454834,0.5783589482307434,0.0479540415108203,1.1657865047454834,0.2948982715606689,0.2747479379177093
2025-10-28,98.69000244140624,0.1406430155038833,0.006549131590873,1.165175199508667,1.3341000080108645,0.011335028335452,1.165175199508667,1.165175199508667,0.1861053705215454,0.7147247791290283,0.0126194497570395,0.0006988266832195,0.6558598279953003,0.0543793588876724,1.165175199508667,6.188808038132265e-05,1.165175199508667,0.2669626772403717,0.0238325614482164,1.2584789991378784,0.0326785631477832,0.275284856557846,0.0006980946054682,0.1066482365131378,1.165175199508667,0.0306560397148132,1.165175199508667,0.3071460723876953,1.165175199508667,0.1001328825950622,0.2723682522773742,0.0006859886925667,0.7715394496917725,0.058102611452341,0.2377386391162872,0.1560084223747253,0.017215259373188,0.1287417113780975,3.805175219895318e-05,0.0082755098119378,0.0035625221207737,0.0010639429092407,0.0002601707237772,1.165175199508667,1.165175199508667,0.5775506496429443,0.0479340441524982,1.165175199508667,0.2954209744930267,0.2747630178928375
2025-10-27,98.77999877929688,0.1404277384281158,0.0065333428792655,1.1631693840026855,1.3322391510009766,0.0113857602700591,1.1631693840026855,1.1631693840026855,0.1855872869491577,0.7146226167678833,0.0125273028388619,0.0006959087913855,0.653398334980011,0.0542925335466861,1.1631693840026855,6.02489453740418e-05,1.1631693840026855,0.2667164504528045,0.0238139685243368,1.2562024593353271,0.0324324667453765,0.274360328912735,0.0006753780762664,0.1065845787525177,1.1631693840026855,0.0305997543036937,1.1631693840026855,0.3045215308666229,1.1631693840026855,0.1001326814293861,0.2723682522773742,0.0006850581848993,0.7703863382339478,0.0581412278115749,0.2368826270103454,0.1557375192642212,0.0170488450676202,0.1287102252244949,3.805175219895318e-05,0.0082780625671148,0.0035522773396223,0.0010741670848801,0.0002605210756883,1.1631693840026855,1.1631693840026855,0.5760199427604675,0.0479168184101581,1.1631693840026855,0.3010418713092804,0.2840248942375183
2025-10-24,98.9499969482422,0.1403370946645736,0.0065529937855899,1.1618045568466189,1.332746982574463,0.0113922469317913,1.1618045568466189,1.1618045568466189,0.1857734620571136,0.714970052242279,0.0122820306569337,0.0006964564672671,0.6514798402786255,0.0543667338788509,1.1618045568466189,6.0263468185439706e-05,1.1618045568466189,0.2669708132743835,0.0237919054925441,1.257735013961792,0.0324939079582691,0.2747124433517456,0.0006743139238096,0.1066505089402198,1.1618045568466189,0.0304878056049346,1.1618045568466189,0.3038571774959564,1.1618045568466189,0.1003334075212478,0.2723682522773742,0.000684579834342,0.7700600624084473,0.0577300526201725,0.2366023808717727,0.1555451899766922,0.0170619338750839,0.1286703199148178,3.800547347054817e-05,0.0082801040261983,0.0035625221207737,0.0010560330701991,0.0002578283019829,1.1618045568466189,1.1618045568466189,0.5755196809768677,0.0478178299963474,1.1618045568466189,0.2947678864002228,0.2747630178928375
2025-10-23,98.94000244140624,,,,,,,,0.1852057576179504,0.7148575782775879,,,,,,,,,,1.2561393976211548,,,,,,,,,,,0.2723682522773742,,0.7705228924751282,0.057419154793024,,,,,,,,,,,,,,,,
