date,United States,China,Japan,Germany,United Kingdom,India,France,Italy,Brazil,Canada,South Korea,Australia,Mexico,Spain,Indonesia,Netherlands,Turkey,Switzerland,Taiwan,Argentina,Sweden,Belgium,Thailand,Ireland,Israel,Austria,Norway,Singapore,South Africa,Malaysia,Denmark,Philippines,Hong Kong,Chile,Finland,New Zealand
2026-01-21,,,,,10098.2998046875,,,,,,,,,,,,,,,,,,,12818.900390625,,,,,,,1881.5615234375,,,11159.349609375,,
2026-01-20,6796.85986328125,4113.64892578125,52991.1015625,24703.119140625,10126.7998046875,82180.46875,8062.580078125,44713.0,166277.0,32750.30078125,4885.75,8815.900390625,67683.3828125,17429.099609375,9134.7001953125,991.1699829101562,12805.7998046875,13169.9599609375,31759.990234375,2942092.0,2976.3701171875,5248.9599609375,1296.3699951171875,12872.650390625,3967.35009765625,5370.85009765625,1995.030029296875,4828.0,120534.3984375,1699.06005859375,1894.81005859375,6352.85986328125,26487.509765625,,5740.72021484375,13479.7900390625
2026-01-19,,4114.0,53583.5703125,24959.060546875,10195.400390625,83246.1796875,8112.02001953125,45196.0,164849.0,33091.0,4904.66015625,8874.5,67467.8203125,17665.30078125,9133.873046875,992.72998046875,12747.900390625,13277.0400390625,31639.2890625,2912976.0,2984.580078125,5290.10009765625,1283.199951171875,12988.1298828125,3985.989990234375,5441.56982421875,1990.22998046875,4834.8798828125,120116.3984375,1712.3299560546875,,6437.77978515625,26563.900390625,,5829.02001953125,13580.7001953125
2026-01-16,6940.009765625,4101.9130859375,53936.171875,25297.130859375,10235.2998046875,83570.3515625,8258.9404296875,45800.0,164800.0,33040.6015625,4840.740234375,8903.900390625,67141.109375,17710.900390625,,1010.2100219726562,12668.5,13413.58984375,31408.69921875,2933230.0,3039.090087890625,5357.14013671875,1275.5999755859375,13070.259765625,,5470.330078125,2025.1700439453125,4849.10009765625,120169.703125,1712.739990234375,1941.93994140625,6464.669921875,26844.9609375,,5915.52978515625,13718.099609375
2026-01-15,6944.47021484375,4112.60107421875,54110.5,25352.390625,10238.900390625,,8313.1201171875,45850.0,165568.0,33028.8984375,4797.5498046875,8861.7001953125,66649.28125,17642.69921875,9075.40625,1011.010009765625,12456.7001953125,13476.3203125,30810.580078125,2926727.0,3036.639892578125,5350.06005859375,1261.3900146484375,13067.1201171875,3988.85009765625,5471.02001953125,1997.489990234375,4833.33984375,120870.1015625,1715.1600341796875,1921.739990234375,6487.52978515625,26923.619140625,,5929.830078125,13715.9296875
2026-01-14,6926.60009765625,4126.0927734375,54341.23046875,25286.240234375,10184.400390625,83382.7109375,8330.9697265625,45647.0,165146.0,32916.5,4723.10009765625,8820.599609375,67403.078125,17695.69921875,9032.583984375,996.75,12369.900390625,13464.83984375,30941.779296875,2950111.0,2983.909912109375,5302.3701171875,1244.300048828125,12995.0400390625,3963.989990234375,5431.39990234375,1998.72998046875,4812.509765625,120856.796875,1710.9100341796875,1941.780029296875,6389.81005859375,26999.810546875,,5867.2998046875,13722.1298828125
2026-01-13,6963.740234375,4138.7578125,53549.16015625,25420.66015625,10137.400390625,83627.6875,8347.2001953125,45525.0,161973.0,32870.3984375,4692.64013671875,8808.5,66337.421875,17687.099609375,8948.302734375,997.1699829101562,12385.599609375,13364.73046875,30707.220703125,3036293.0,2983.89990234375,5250.08984375,1235.300048828125,12972.66015625,3913.389892578125,5410.2998046875,1985.199951171875,4807.1298828125,120964.3984375,1708.199951171875,1920.68994140625,6408.759765625,26848.470703125,,5792.43017578125,13597.759765625
2026-01-12,6977.27001953125,4165.287109375,,25405.33984375,10140.7001953125,83878.171875,8358.759765625,45732.0,163150.0,32874.69921875,4624.7900390625,8759.400390625,66745.609375,17673.80078125,8884.72265625,993.5399780273438,12254.7998046875,13426.98046875,30567.2890625,3076947.0,2984.2099609375,5213.93994140625,1242.199951171875,13073.3203125,3926.3798828125,5440.33984375,1964.8399658203125,4766.77978515625,120148.1015625,1695.43994140625,1902.0400390625,6419.9599609375,26608.48046875,,5791.02001953125,13691.2099609375
2026-01-09,6966.27978515625,4120.42578125,51939.890625,25261.640625,10124.599609375,83576.2421875,8362.08984375,45719.0,163370.0,32612.900390625,4586.31982421875,8717.7998046875,66062.6171875,17649.0,8936.75390625,988.1699829101562,12201.0,13421.8203125,30288.9609375,3089461.0,2974.60009765625,5240.43994140625,1254.0899658203125,13080.0595703125,,5403.240234375,1957.93994140625,4744.66015625,118110.203125,1686.5400390625,1905.93994140625,6348.14013671875,26231.7890625,,5799.85986328125,13696.25
2026-01-08,6921.4599609375,4082.97900390625,51117.26171875,25127.4609375,10044.7001953125,84180.9609375,8243.4697265625,45672.0,162937.0,32378.599609375,4552.3701171875,8720.7998046875,65521.01171875,17654.69921875,8925.470703125,965.030029296875,12088.0,13350.8203125,30360.55078125,3074880.0,2937.93994140625,5228.77001953125,1253.5999755859375,13046.3203125,3878.85009765625,5412.08984375,1940.3499755859375,4739.06982421875,116989.296875,1669.5699462890625,1892.6400146484375,6320.669921875,26149.310546875,,5770.93994140625,13732.48046875
2026-01-07,6920.93017578125,4085.77197265625,51961.98046875,25122.259765625,10048.2001953125,84961.140625,8233.919921875,45559.0,161975.0,32135.5,4551.06005859375,8695.599609375,64871.69921875,17596.400390625,8944.8134765625,979.1500244140625,12028.7998046875,13324.0302734375,30435.470703125,3013957.0,2963.31005859375,5220.9501953125,1280.8199462890625,12973.2998046875,3893.8701171875,5410.14013671875,1936.800048828125,4747.6201171875,117922.5,1676.8299560546875,1898.31005859375,6292.08984375,26458.94921875,,5831.259765625,13668.9599609375
2026-01-06,6944.81982421875,4083.6669921875,52518.078125,24892.19921875,10122.7001953125,85063.34375,8237.4296875,45753.0,163664.0,32407.0,4525.47998046875,8714.599609375,65022.23828125,17647.099609375,8933.609375,991.6699829101562,12023.7998046875,13322.150390625,30576.30078125,3112377.0,,5182.8701171875,1274.75,13081.3095703125,3890.800048828125,5415.39013671875,1954.56005859375,4739.97021484375,118722.796875,1672.3499755859375,1899.2099609375,6317.91015625,26710.44921875,,,13662.51953125
2026-01-05,6902.0498046875,4023.4169921875,51832.80078125,24868.689453125,10004.599609375,85439.6171875,8211.5,45847.0,161870.0,32220.0,4457.52001953125,8728.599609375,65014.37109375,17614.400390625,8859.19140625,985.1199951171875,11702.0,13247.3203125,30105.0390625,3130197.0,2901.780029296875,5099.490234375,1280.050048828125,13188.0595703125,3794.159912109375,5394.759765625,1939.8800048828125,4680.5,116582.703125,1680.3199462890625,1854.9100341796875,6164.52978515625,26347.240234375,,5766.68017578125,13570.150390625
2026-01-02,6858.47021484375,,,24539.33984375,9951.099609375,85762.0078125,8195.2099609375,45374.0,160539.0,31883.400390625,4309.6298828125,8727.7998046875,64141.359375,17492.400390625,8748.1318359375,967.5900268554688,11498.400390625,,29349.810546875,3126292.0,2881.18994140625,5112.5,,13145.490234375,,5351.75,1952.5,4656.1201171875,116092.0,1669.760009765625,1826.989990234375,6135.06005859375,26338.470703125,,5736.6201171875,
2026-01-01,,,,,,85188.6015625,,,,,,,,,,,,,,,,,,,3733.080078125,,,,,,,,,,,
2025-12-31,6845.5,3968.840087890625,,,9931.400390625,85220.6015625,8149.5,,,31712.80078125,,8714.2998046875,64308.2890625,17307.80078125,,951.2899780273438,11261.5,,28963.599609375,3051617.0,,5078.43017578125,,13099.349609375,3654.93994140625,,,4646.2099609375,115832.296875,1680.1099853515625,,,25630.5390625,,,13548.419921875
2025-12-30,6896.240234375,3965.115966796875,50339.48046875,24490.41015625,9940.7001953125,84675.078125,8168.14990234375,44945.0,161125.0,31866.30078125,4214.169921875,8717.099609375,64366.69921875,17354.900390625,8646.9384765625,951.27001953125,11220.2001953125,13267.48046875,28707.130859375,3051617.0,2882.969970703125,5077.7099609375,1259.6700439453125,13126.0703125,3687.510009765625,5326.330078125,1941.4200439453125,4655.3798828125,116501.203125,1684.530029296875,1824.1300048828125,,25854.599609375,,5703.52978515625,13548.9697265625
2025-12-29,6905.740234375,3965.280029296875,50526.921875,24351.119140625,9866.5,84695.5390625,8112.02001953125,44436.0,160490.0,31896.599609375,4220.56005859375,8725.7001953125,65347.078125,17195.80078125,8644.255859375,946.1599731445312,11150.900390625,13240.58984375,28810.890625,3100075.0,2863.639892578125,5054.47998046875,1254.030029296875,13039.25,3649.52001953125,5247.9599609375,1926.8199462890625,4633.64013671875,116047.8984375,1680.989990234375,1823.27001953125,6052.919921875,25635.23046875,,5667.68017578125,13540.91015625
2025-12-28,,,,,,,,,,,,,,,,,,,,,,,,,3647.25,,,,,,,,,,,
2025-12-26,6929.93994140625,3963.678955078125,50750.390625,,,85041.453125,,,160897.0,,4129.68017578125,,65636.359375,,,,11294.400390625,,28556.01953125,3112380.0,,,1259.25,,,,,4636.14990234375,,1677.0999755859375,,6065.64013671875,,,,
2025-12-25,,3959.62109375,50407.7890625,,,,,,,,,,,,,,,,,,,,,,3626.8798828125,,,,,,,,,,,
2025-12-24,6932.0498046875,3940.947021484375,50344.1015625,,9870.7001953125,85408.703125,8103.580078125,,,31999.80078125,4108.6201171875,8762.7001953125,65616.4296875,17172.900390625,8537.9111328125,941.3699951171875,11340.099609375,,28371.98046875,3121145.0,,5040.3701171875,1275.3299560546875,13037.23046875,3740.909912109375,,,4636.33984375,117085.5,1678.31005859375,,,25818.9296875,,,13529.0595703125
2025-12-23,6909.7900390625,3919.97900390625,50412.87109375,24340.060546875,9889.2001953125,85524.84375,8103.85009765625,44607.0,160456.0,32058.69921875,4117.31982421875,8795.7001953125,65595.40625,17182.80078125,8584.7822265625,942.260009765625,11290.400390625,13242.7998046875,28310.470703125,3114970.0,2849.090087890625,5057.490234375,1271.1099853515625,13044.25,3727.8701171875,5247.2099609375,1912.8599853515625,4638.97021484375,116602.5,1676.6400146484375,1819.699951171875,6041.91015625,25774.140625,,5625.93017578125,13543.6904296875
2025-12-22,6878.490234375,3917.364013671875,50402.390625,24283.970703125,9866.0,85567.4765625,8121.06982421875,44594.0,158142.0,32000.099609375,4105.93017578125,8699.900390625,64778.1796875,17158.0,8645.84375,942.7000122070312,11311.099609375,13163.66015625,28149.640625,3136090.0,2845.06005859375,5056.0400390625,1269.6800537109375,13088.8896484375,3723.239990234375,5239.39013671875,1907.0699462890625,4610.2900390625,115909.6015625,1671.2900390625,1783.280029296875,6041.259765625,25801.76953125,,5608.0498046875,13536.7900390625
2025-12-21,,,,,,,,,,,,,,,,,,,,,,,,,3704.3798828125,,,,,,,,,,,
2025-12-19,6834.5,3890.447998046875,49507.2109375,24288.400390625,9897.400390625,84929.359375,8151.3798828125,44758.0,158473.0,31755.80078125,4020.550048828125,8621.400390625,63966.98046875,17169.80078125,8609.55078125,944.5900268554688,11341.900390625,13171.849609375,27696.349609375,3139467.0,2841.27001953125,5074.52001953125,1252.18994140625,13105.0302734375,,5234.5498046875,1903.27001953125,4569.77978515625,114849.8984375,1665.9000244140625,1801.8800048828125,5920.8701171875,25690.529296875,,5588.31005859375,13333.400390625
2025-12-18,6774.759765625,3876.37109375,49001.5,24199.5,9837.7998046875,84481.8125,8150.64013671875,44463.0,157923.0,31440.900390625,3994.510009765625,8588.2001953125,63807.3203125,17132.599609375,8618.1953125,940.0499877929688,11335.099609375,13136.080078125,27468.529296875,3163224.0,2827.909912109375,5054.9599609375,1250.0699462890625,13076.58984375,3684.14990234375,5190.2001953125,1893.739990234375,4570.60986328125,114515.796875,1646.9000244140625,1785.8499755859375,6031.47998046875,25498.130859375,,5572.93994140625,13359.0703125
2025-12-17,6721.43017578125,3870.278076171875,49512.28125,23960.58984375,9774.2998046875,84559.6484375,8086.0498046875,44099.0,157327.0,31250.0,4056.409912109375,8585.2001953125,62528.05859375,16938.19921875,8677.3447265625,929.5999755859375,11286.7998046875,13028.6201171875,27525.169921875,3035517.0,2794.949951171875,5045.9501953125,1256.8499755859375,12989.1103515625,3656.219970703125,5177.58984375,1893.3199462890625,4575.47998046875,114044.1015625,1641.43994140625,1779.8900146484375,6079.02001953125,25468.779296875,,5500.080078125,13290.0595703125
2025-12-16,6800.259765625,3824.81201171875,49383.2890625,24076.869140625,9684.7998046875,84679.859375,8106.16015625,43990.0,158578.0,31263.900390625,3999.1298828125,8598.900390625,63230.87109375,16921.900390625,8686.46875,935.1400146484375,11348.7998046875,13056.740234375,27536.66015625,3034429.0,2812.830078125,5010.919921875,1260.6800537109375,12998.51953125,3627.949951171875,5173.27978515625,1877.2900390625,4579.72998046875,,1648.31005859375,1786.199951171875,6055.68017578125,25235.41015625,,5520.14990234375,13396.3095703125
2025-12-15,6816.509765625,3867.9208984375,50168.109375,24229.91015625,9751.2998046875,85213.359375,8124.8798828125,44117.0,162482.0,31483.400390625,4090.590087890625,8635.0,64326.16015625,17041.400390625,8649.662109375,945.77001953125,11456.2998046875,13036.7998046875,27866.939453125,3012681.0,2832.7099609375,5006.47998046875,1273.4000244140625,12981.2001953125,3606.9599609375,5171.0498046875,1892.699951171875,4589.169921875,112863.0,1643.719970703125,1792.300048828125,6058.02001953125,25628.880859375,,5525.830078125,13401.91015625
2025-12-14,,,,,,,,,,,,,,,,,,,,,,,,,3632.179931640625,,,,,,,,,,,
2025-12-12,6827.41015625,3889.345947265625,50836.55078125,24186.490234375,9649.0,85267.65625,8068.6201171875,43514.0,160766.0,31527.400390625,4167.16015625,8697.2998046875,,16854.400390625,8660.4990234375,939.5900268554688,11311.2998046875,12887.48046875,28198.01953125,2979065.0,2821.010009765625,4986.02001953125,1254.0999755859375,12863.0302734375,,5103.16015625,1889.050048828125,4586.4501953125,113301.796875,1637.81005859375,1808.9300537109373,6036.72021484375,25976.7890625,,5504.4599609375,13406.91015625
2025-12-11,6901.0,3873.318115234375,50148.8203125,24294.609375,9703.2001953125,84818.1328125,8085.759765625,43702.0,159189.0,31660.69921875,4110.6201171875,8592.0,64712.0703125,16883.0,8620.4814453125,947.02001953125,11233.7001953125,12905.169921875,28024.75,2980581.0,2829.0400390625,5000.5,1253.5400390625,12919.5595703125,3648.10009765625,5173.1201171875,1887.6199951171875,4520.830078125,112123.6015625,1625.3900146484375,1811.1099853515625,5990.0,25530.509765625,,5555.919921875,13437.4697265625
2025-12-10,6886.68017578125,3900.49609375,50602.80078125,24130.140625,9655.5,84391.2734375,8022.68994140625,43465.0,159075.0,31490.900390625,4135.0,8579.400390625,63409.3984375,16762.5,8700.923828125,943.739990234375,11193.900390625,12921.48046875,28400.73046875,3013647.0,2810.590087890625,4989.10009765625,,12739.08984375,3610.14990234375,5129.89990234375,1873.5,4511.89990234375,111042.8984375,1611.0,1777.8299560546875,5959.93994140625,25540.779296875,,5548.240234375,13415.7900390625
2025-12-09,6840.509765625,3909.52099609375,50655.1015625,24162.650390625,9642.0,84666.28125,8052.509765625,43575.0,157981.0,31244.400390625,4143.5498046875,8585.900390625,63694.6796875,16734.5,8657.1787109375,947.0800170898438,11238.400390625,12931.16015625,28182.599609375,2987064.0,2808.72998046875,5001.60986328125,1269.8699951171875,12745.3203125,3587.639892578125,5129.52978515625,1888.02001953125,4513.240234375,110730.6015625,1614.1700439453125,1759.1500244140625,5976.64013671875,25434.23046875,,5527.64990234375,13424.6201171875
2025-12-08,6846.509765625,3924.077880859375,50581.94140625,24046.009765625,9645.099609375,85102.6875,8108.43017578125,43433.0,158187.0,31170.0,4154.85009765625,8624.400390625,63528.0,16712.19921875,8710.6953125,945.1199951171876,11189.5,12981.419921875,28303.779296875,,2823.909912109375,5028.1201171875,1261.3900146484375,12770.33984375,3572.8798828125,5099.68017578125,1890.1300048828125,4507.080078125,110827.3984375,1612.780029296875,1761.449951171875,,25765.359375,,5542.66015625,13508.080078125
2025-12-07,,,,,,,,,,,,,,,,,,,,,,,,,3567.360107421875,,,,,,,,,,,
2025-12-05,6870.39990234375,3902.80810546875,50491.87109375,24028.140625,9667.0,85712.3671875,8114.740234375,43433.0,157369.0,31311.400390625,4100.0498046875,8634.599609375,63378.30078125,16688.5,8632.7607421875,947.5,11007.400390625,12936.2998046875,27980.890625,3046355.0,2826.6201171875,5029.740234375,,12741.6904296875,,5081.81982421875,1881.030029296875,4531.35986328125,112479.8984375,1616.52001953125,1768.6500244140625,5949.22021484375,26085.080078125,,5521.3701171875,13483.990234375
2025-12-04,6857.1201171875,3875.79296875,51028.421875,23882.029296875,9710.900390625,85265.3203125,8122.02978515625,43519.0,164456.0,31477.599609375,4028.510009765625,8618.400390625,63714.859375,16746.599609375,8640.1962890625,947.77001953125,10918.5,12893.6103515625,27795.7109375,3096396.0,2813.610107421875,5013.35009765625,1273.77001953125,12746.240234375,3535.699951171875,5092.22998046875,1872.8499755859373,4535.14013671875,110924.703125,1621.0699462890625,1763.81005859375,5887.580078125,25935.900390625,,5514.22021484375,13462.1796875
2025-12-03,6849.72021484375,3878.0,49864.6796875,23693.7109375,9692.099609375,85106.8125,8087.419921875,43381.0,161755.0,31160.5,4036.300048828125,8595.2001953125,63597.44140625,16585.69921875,8611.787109375,949.6400146484376,11036.7998046875,12858.330078125,27793.0390625,3129449.0,2779.820068359375,4995.35009765625,1274.8199462890625,12766.4599609375,3511.199951171875,5050.169921875,1862.9000244140625,4554.52001953125,111332.703125,1622.8399658203125,1746.8499755859375,5905.83984375,25760.73046875,,5469.3701171875,13553.66015625
2025-12-02,6829.3701171875,3897.7119140625,49303.44921875,23710.859375,9701.7998046875,85138.2734375,8074.60986328125,43355.0,161092.0,31049.30078125,3994.929931640625,8579.7001953125,63820.609375,16473.099609375,8617.04296875,944.8400268554688,11123.5,12890.25,27564.26953125,3042001.0,2783.530029296875,5010.35986328125,1277.5799560546875,12750.6796875,3538.159912109375,5071.68017578125,1850.8299560546875,4537.9599609375,110836.8984375,1630.5999755859375,1756.6800537109375,5994.39990234375,26095.05078125,,5441.669921875,13482.4404296875
2025-12-01,6812.6298828125,3914.006103515625,49303.28125,23589.439453125,9702.5,85641.8984375,8097.0,43259.0,158611.0,31101.80078125,3920.3701171875,8565.2001953125,63551.12890625,16389.0,8548.7880859375,947.6400146484376,11116.5,12850.73046875,27342.529296875,3060289.0,2784.530029296875,5018.0498046875,1276.5699462890625,12849.509765625,3477.2900390625,5045.3701171875,1852.1600341796875,4526.22021484375,111947.8984375,1624.5699462890625,1752.1800537109375,5989.2900390625,26033.259765625,,5435.7998046875,13462.1298828125
2025-11-30,,,,,,,,,,,,,,,,,,,,,,,,,3479.679931640625,,,,,,,,,,,
2025-11-28,6849.08984375,3888.595947265625,50253.91015625,23836.7890625,9720.5,85706.671875,8122.7099609375,43357.0,159072.0,31382.80078125,3926.590087890625,8614.099609375,63596.78125,16371.599609375,8508.7060546875,943.3699951171876,10898.7001953125,12833.9599609375,27626.48046875,3026470.0,2787.77001953125,5036.85986328125,1256.68994140625,12836.2900390625,,5009.77001953125,1856.030029296875,4523.9599609375,110958.5,1604.469970703125,1746.5,6022.240234375,25858.890625,,5430.27001953125,13489.150390625
2025-11-27,,3875.260009765625,50167.1015625,23767.9609375,9693.900390625,85720.3828125,8099.47021484375,43220.0,158292.0,31216.19921875,3986.909912109375,8619.2001953125,62694.73046875,16361.7998046875,8545.865234375,939.8300170898438,10945.5,12831.0498046875,27554.529296875,3020019.0,2789.43994140625,5039.39990234375,1252.7099609375,12781.3203125,3438.590087890625,4983.27001953125,1853.56005859375,4509.33984375,110567.8984375,1617.4599609375,,5969.1298828125,25945.9296875,,5435.64013671875,13434.5
2025-11-26,6812.60986328125,3864.18408203125,49559.0703125,23726.220703125,9691.599609375,85609.5078125,8096.43017578125,43130.0,158555.0,31180.30078125,3960.8701171875,8606.5,63242.7109375,16361.099609375,8602.1298828125,943.6799926757812,10914.7001953125,12822.240234375,27409.5390625,2985632.0,2779.43994140625,5030.72021484375,1261.1800537109375,12734.3896484375,3419.449951171875,5000.7001953125,1839.3499755859373,4501.56005859375,111861.703125,1624.5,1733.1199951171875,6004.7001953125,25928.080078125,,5407.22998046875,13576.759765625
2025-11-25,6765.8798828125,3870.02294921875,48659.51953125,23464.630859375,9609.5,84587.0078125,8025.7998046875,42699.0,155910.0,30900.69921875,3857.780029296875,8537.0,63214.55859375,16140.900390625,8521.884765625,932.760009765625,10857.2001953125,12771.6298828125,26912.169921875,2865760.0,2758.159912109375,5008.06005859375,1268.780029296875,12624.0400390625,3389.360107421875,4948.14013671875,1825.300048828125,4485.6298828125,110295.203125,1611.739990234375,1708.780029296875,5976.169921875,25894.55078125,,5358.14013671875,13572.01953125
2025-11-24,6705.1201171875,3836.764892578125,,23239.1796875,9534.900390625,84900.7109375,7959.669921875,42298.0,155278.0,30604.400390625,3846.06005859375,8525.099609375,62522.609375,15967.7998046875,8570.25390625,926.9199829101562,10888.0,12654.1201171875,26504.240234375,,2725.35009765625,4998.08984375,1252.72998046875,12407.3095703125,3410.97998046875,4887.18017578125,1822.75,4496.6298828125,110015.3984375,1618.780029296875,1696.0400390625,6021.58984375,25716.5,,5337.5498046875,13518.6201171875
2025-11-23,,,,,,,,,,,,,,,,,,,,,,,,,3359.469970703125,,,,,,,,,,,
2025-11-21,6602.990234375,3834.89111328125,48625.87890625,23091.869140625,9539.7001953125,85231.921875,7982.64990234375,42662.0,154770.0,30160.69921875,3853.260009765625,8416.5,61877.26953125,15821.900390625,8414.3515625,926.6900024414062,10922.900390625,12632.669921875,26434.939453125,2761615.0,2699.35009765625,4995.93994140625,1254.4000244140625,12180.5595703125,,4789.169921875,1826.010009765625,4469.14013671875,109641.296875,1617.5699462890625,1696.1600341796875,5997.1298828125,25220.01953125,,5290.22021484375,13419.400390625
2025-11-20,6538.759765625,3931.051025390625,49823.94140625,23278.849609375,9527.7001953125,85632.6796875,7981.06982421875,42918.0,,29906.599609375,4004.85009765625,8552.7001953125,61672.19140625,15988.900390625,8419.9169921875,934.9299926757812,10979.7001953125,12543.0595703125,27426.359375,2850533.0,2701.949951171875,4971.47998046875,1281.81005859375,12024.2998046875,3400.300048828125,4819.93017578125,1850.0899658203125,4511.8701171875,111896.796875,1619.9599609375,1704.6800537109375,5930.81005859375,25835.5703125,,5334.97021484375,13296.0498046875
2025-11-19,6642.16015625,3946.741943359375,48537.69921875,23162.919921875,9507.400390625,85186.46875,7953.77001953125,42651.0,155381.0,30278.400390625,3929.510009765625,8447.900390625,62080.578125,15889.2998046875,8406.5771484375,933.3400268554688,10903.900390625,12530.6201171875,26580.119140625,2869724.0,2685.840087890625,4964.56005859375,1272.1700439453125,12055.01953125,3438.320068359375,4809.18994140625,1825.9300537109373,4505.22021484375,112019.296875,1623.8900146484375,1697.8800048828125,5813.7099609375,25830.650390625,,5284.52978515625,13377.6298828125
2025-11-18,6617.31982421875,3939.81298828125,48702.98046875,23180.529296875,9552.2998046875,84673.0234375,7967.93017578125,42839.0,156522.0,30036.5,3953.6201171875,8469.099609375,61984.44921875,15827.0,8361.92578125,930.8800048828124,10728.599609375,12481.9501953125,26756.119140625,2932664.0,2673.72998046875,4943.77978515625,1270.0400390625,11874.9697265625,3431.449951171875,4716.6298828125,1831.43994140625,4504.669921875,110391.8984375,1614.06005859375,1673.3699951171875,5756.66015625,25930.029296875,,5309.81982421875,13355.26953125
2025-11-17,6672.41015625,3972.034912109375,50323.91015625,23590.51953125,9675.400390625,84950.953125,8119.02001953125,43767.0,156993.0,30076.19921875,4089.25,8636.400390625,,16172.599609375,8416.8818359375,945.3699951171876,10698.099609375,12597.8203125,27447.310546875,2926871.0,2736.1298828125,5020.8701171875,1280.0699462890625,12164.0302734375,3497.860107421875,4820.58984375,1867.47998046875,4543.58984375,112314.203125,1627.4300537109375,1714.1800537109375,5779.1201171875,26384.279296875,,5418.0400390625,13463.76953125
2025-11-14,6734.10986328125,3990.491943359375,50376.53125,23876.55078125,9698.400390625,84562.78125,8170.08984375,43995.0,157739.0,30326.5,4011.570068359375,8634.5,62328.62890625,16345.900390625,8370.435546875,951.9199829101562,10565.7001953125,12634.2998046875,27397.5,2992809.0,2757.1201171875,5034.52001953125,1269.260009765625,12365.3603515625,,4853.39013671875,1859.43994140625,4546.06982421875,111973.203125,1625.6700439453125,1718.9200439453125,5584.35009765625,26572.4609375,,5460.72998046875,13464.4599609375
2025-11-13,6737.490234375,4029.5009765625,51281.828125,24041.619140625,9807.7001953125,84478.671875,8232.490234375,44755.0,157162.0,30253.599609375,4170.6298828125,8753.400390625,62529.44140625,16577.400390625,8371.9990234375,961.510009765625,10628.599609375,12740.91015625,27903.560546875,2883333.0,2780.580078125,5046.2998046875,1287.43994140625,12534.599609375,3489.97998046875,4901.81005859375,1868.0699462890625,4575.91015625,114045.5,1632.27001953125,1742.199951171875,5726.990234375,27073.029296875,,5510.64990234375,13540.080078125
2025-11-12,6850.919921875,4000.139892578125,51063.30859375,24381.4609375,9911.400390625,84466.5078125,8241.240234375,44793.0,157633.0,30827.599609375,4150.39013671875,8799.5,63190.66015625,16615.80078125,8388.56640625,968.510009765625,10640.900390625,12793.740234375,27947.08984375,2984608.0,2806.050048828125,5086.72021484375,1284.81005859375,12565.5595703125,3483.320068359375,4931.68017578125,1865.7900390625,4568.91015625,112908.5,1631.6099853515625,1760.4300537109375,5714.02001953125,26922.73046875,,5525.509765625,13681.5498046875
2025-11-11,6846.60986328125,4002.758056640625,50842.9296875,24088.060546875,9899.599609375,83871.3203125,8156.22998046875,44439.0,157749.0,30409.30078125,4106.39013671875,8818.7998046875,64321.26953125,16388.80078125,8366.5146484375,970.5900268554688,10576.5,12702.080078125,27784.94921875,2958258.0,2790.97998046875,5041.35009765625,1300.469970703125,12480.169921875,3440.179931640625,4858.93017578125,1860.199951171875,4542.2001953125,111187.203125,1634.8299560546875,1738.719970703125,5629.06982421875,26696.41015625,,5517.83984375,13570.08984375
2025-11-10,6832.43017578125,4018.596923828125,50911.76171875,23959.990234375,9787.2001953125,83535.3515625,8055.509765625,43896.0,155257.0,30316.599609375,4073.239990234375,8830.900390625,63094.01171875,16182.5,8391.240234375,961.0800170898438,10789.0,12455.2001953125,27869.509765625,2951889.0,2759.93994140625,4972.77978515625,1306.260009765625,12294.830078125,3423.320068359375,4836.419921875,1845.780029296875,4488.1298828125,110841.6015625,1627.3800048828125,1700.6600341796875,5702.64013671875,26649.060546875,,5425.60986328125,13569.01953125
2025-11-09,,,,,,,,,,,,,,,,,,,,,,,,,3391.8701171875,,,,,,,,,,,
2025-11-07,6728.7998046875,3997.555908203125,50276.37109375,23569.9609375,9682.599609375,83216.28125,7950.18017578125,42918.0,154064.0,29912.19921875,3953.760009765625,8769.7001953125,63376.12890625,15901.400390625,8394.58984375,950.77001953125,10924.5,12298.349609375,27651.41015625,2864647.0,2733.110107421875,4914.4599609375,1302.9100341796875,12012.4501953125,,4754.18017578125,1839.8399658203125,4492.240234375,108846.3984375,1619.1300048828125,1681.050048828125,5759.3701171875,26241.830078125,,5390.2998046875,13599.2099609375
2025-11-06,6720.31982421875,4007.760009765625,50883.6796875,23734.01953125,9735.7998046875,83311.0078125,7964.77001953125,43069.0,153339.0,29868.599609375,4026.449951171875,8831.7998046875,63093.12109375,16118.0,8337.0576171875,961.0599975585938,11073.2998046875,12298.8603515625,27899.44921875,2973544.0,2744.300048828125,4926.5,1313.31005859375,12126.73046875,3389.340087890625,4767.330078125,1843.780029296875,4484.990234375,110100.5,1618.93994140625,1696.6199951171875,5835.58984375,26485.900390625,,5418.85009765625,13576.8095703125
2025-11-05,6796.2900390625,3969.248046875,50212.26953125,24049.740234375,9777.099609375,,8074.22998046875,43438.0,153294.0,30103.5,4004.419921875,8802.0,63378.51171875,16098.400390625,8318.5263671875,970.8900146484376,10970.400390625,12363.5302734375,27717.060546875,3048197.0,2751.39990234375,4899.2099609375,1295.2900390625,12191.6103515625,3410.080078125,4784.3701171875,1848.68994140625,4417.1201171875,108795.8984375,1621.550048828125,1693.4100341796875,5818.06005859375,25935.41015625,,5387.2998046875,13625.1396484375
2025-11-04,6771.5498046875,3960.18603515625,51497.19921875,23949.109375,9715.0,83459.1484375,8067.52978515625,43262.0,150704.0,29777.80078125,4121.740234375,8813.7001953125,62390.73046875,16036.400390625,8241.9111328125,969.2000122070312,10914.099609375,12306.8896484375,28116.560546875,3080710.0,2741.080078125,4920.8701171875,1298.5999755859375,12122.099609375,3382.219970703125,4794.35986328125,1844.31005859375,4422.72021484375,107381.8984375,1623.5,1682.219970703125,5867.0400390625,25952.400390625,,5434.60009765625,13569.4697265625
2025-11-03,6851.97021484375,3976.52099609375,,24132.41015625,9701.400390625,83978.4921875,8109.7900390625,43223.0,150454.0,30275.099609375,4221.8701171875,8894.7998046875,62653.890625,16037.0,8275.083984375,970.969970703125,11060.400390625,12235.5400390625,28334.58984375,3104495.0,2755.43994140625,4907.0498046875,1308.8599853515625,11997.8603515625,3388.89990234375,4841.0498046875,1859.4599609375,4444.330078125,109080.8984375,1622.4200439453125,1686.5400390625,5828.06005859375,26158.359375,,5498.6201171875,13562.2900390625
2025-11-02,,,,,,,,,,,,,,,,,,,,,,,,,3363.3798828125,,,,,,,,,,,
2025-10-31,6840.2001953125,3954.7900390625,52411.33984375,23958.30078125,9717.2998046875,83938.7109375,8121.06982421875,43175.0,149540.0,30260.69921875,4107.5,8881.900390625,62769.1796875,16032.599609375,8163.875,971.4600219726562,10971.5,12234.5,28233.349609375,3002607.0,2767.070068359375,4902.3701171875,1309.5,11877.9501953125,,4808.16015625,1852.030029296875,4428.6201171875,109243.6015625,1609.1500244140625,1684.81005859375,,25906.650390625,,5480.83984375,13548.3203125
2025-10-30,6822.33984375,3986.90087890625,51325.609375,24118.890625,9760.099609375,84404.4609375,8157.2900390625,43202.0,148780.0,30179.0,4086.889892578125,8885.5,62889.859375,16040.2998046875,8184.06396484375,981.6099853515624,10837.2998046875,12309.6298828125,28287.529296875,2793520.0,2782.77001953125,4941.72998046875,1314.6500244140625,11867.8203125,3338.77001953125,4747.669921875,1846.3499755859373,4437.43994140625,109669.796875,1614.199951171875,1689.3699951171875,5929.68017578125,26282.689453125,,5526.990234375,13459.2900390625
2025-10-29,6890.58984375,4016.3310546875,51307.6484375,24124.2109375,9756.099609375,84997.1328125,8200.8798828125,43243.0,148633.0,30144.80078125,4081.14990234375,8926.2001953125,63352.8515625,16150.099609375,8166.22412109375,975.3499755859376,,12314.099609375,28294.740234375,2801881.0,2777.909912109375,4972.18994140625,1315.6400146484375,11836.4697265625,3329.8798828125,4674.39013671875,1879.7900390625,4440.2099609375,110371.296875,1611.5400390625,1705.3900146484375,5963.77001953125,,,5558.41015625,13409.2099609375
2025-10-28,6890.89013671875,3988.22412109375,50219.1796875,24278.630859375,9696.7001953125,84628.15625,8216.580078125,43129.0,147429.0,30419.69921875,4010.409912109375,9012.5,62795.23828125,16087.0,8092.62890625,974.5999755859376,10871.099609375,12360.150390625,27949.109375,2670388.0,2789.52001953125,4948.490234375,1314.280029296875,11794.33984375,3279.25,4682.31005859375,1877.050048828125,4450.35986328125,109818.5,1613.56005859375,1702.5899658203125,5953.16015625,26346.140625,,5566.830078125,13413.98046875
2025-10-27,6875.16015625,3996.945068359375,50512.3203125,24308.779296875,9653.7998046875,84778.84375,8239.1796875,42912.0,146969.0,30275.80078125,4042.830078125,9055.599609375,61860.30078125,16000.2001953125,8117.15087890625,982.0,10853.400390625,12527.58984375,27993.630859375,2529084.0,2797.72998046875,4994.60009765625,1323.52001953125,11799.0400390625,3310.27001953125,4682.14013671875,1886.5,4440.2998046875,108707.296875,1618.3800048828125,1698.6099853515625,5933.759765625,26433.69921875,,5434.47998046875,
2025-10-26,,,,,,,,,,,,,,,,,,,,,,,,,3310.840087890625,,,,,,,,,,,
2025-10-24,6791.68994140625,3950.31201171875,49299.6484375,24239.890625,9645.599609375,84211.8828125,8225.6298828125,42487.0,146172.0,30353.099609375,3941.590087890625,9019.0,61145.48828125,15861.5,8271.7216796875,978.969970703125,10941.7998046875,12568.1796875,,2076859.0,2786.889892578125,4994.2900390625,1313.9100341796875,11768.23046875,,4666.25,1882.9599609375,4422.2099609375,110443.703125,1613.27001953125,1702.9000244140625,5988.02001953125,26160.150390625,,5397.14990234375,13391.58984375
2025-10-23,6738.43994140625,,48641.609375,24207.7890625,9578.599609375,84556.3984375,8225.7802734375,42382.0,145721.0,30186.30078125,3845.56005859375,9032.7998046875,61511.94921875,15792.2001953125,8274.3515625,973.9199829101562,10608.2998046875,12557.26953125,27532.259765625,2055520.0,2757.10009765625,5002.97998046875,,11603.8798828125,3277.02001953125,4670.1298828125,1894.4000244140625,4416.27001953125,110742.703125,1608.0,1709.530029296875,6053.9599609375,25967.98046875,,5366.18017578125,13377.099609375
2025-10-22,6699.39990234375,,49307.7890625,24151.130859375,,,8206.8701171875,42210.0,144873.0,,3883.679931640625,9030.0,61308.19921875,15781.599609375,8152.55322265625,966.0,10551.2998046875,12614.4296875,,2018811.0,2745.5400390625,5005.60009765625,1302.3499755859375,,3254.60009765625,4625.93017578125,1864.2099609375,,108837.1015625,,1686.0799560546875,6030.8701171875,25781.76953125,,5185.259765625,13306.4404296875
2025-10-21,,,49316.05859375,24330.029296875,,,,42648.0,144085.0,,,,,,8238.083984375,,,12622.7001953125,,,2754.25,,1290.719970703125,,3249.610107421875,4626.240234375,1868.0799560546875,,108902.0,,1699.1700439453125,6093.52978515625,,,5172.91015625,13291.8095703125
